tree
version=v4
num_class=1
num_tree_per_iteration=1
label_index=0
max_feature_idx=4
objective=regression
feature_names=Column_0 Column_1 Column_2 Column_3 Column_4
feature_infos=[1:5] [10144.48046875:999679.875] [103.97119140625:4999.47509765625] [0.0052544786594808102:29.995981216430664] [1:3]
tree_sizes=2582 2703 2694 2709 2706 2702 2707 2699 2698 2714 2713 2713 2711 2705 2721 2708 2734 2722 2718 2707 2732 2721 2735 2718 2727 2732 2733 2729 2729 2733 2737 2734 2740 2741 2730 2748 2740 2749 2749 2750 2758 2753 2737 2761 2762 2761 2764 2754 2753 2767 2767 2770 2770 2766 2763 2757 2764 2765 2770 2763 2762 2764 2764 2753 2755 2773 2758 2756 2771 2763 2771 2757 2758 2773 2769 2775 2771 2766 2752 2763 2767 2764 2766 2762 2761 2765 2775 2760 2775 2755 2761 2750 2783 2764 2780 2758 2766 2767 2762 2769

Tree=0
num_leaves=31
num_cat=0
split_feature=3 0 0 0 3 3 3 3 0 0 3 0 0 0 0 0 3 3 3 3 3 3 3 3 3 3 3 3 3 3
split_gain=121877 68196.8 32577.2 14560.4 8374.66 8327.38 6946.07 4669.58 2520.22 2456.87 2465.83 2084.97 2078.73 2040.59 2034.69 1780.7 728.664 643.4 605.16 591.692 582.225 562.903 534.653 532.204 524.076 512.846 505.469 477.442 428.097 385.508
threshold=14.689800262451174 3.5000000000000004 2.5000000000000004 1.5000000000000002 7.3709921836853036 22.6301383972168 7.9939610958099374 7.7976799011230478 1.5000000000000002 3.5000000000000004 20.696690559387211 2.5000000000000004 4.5000000000000009 1.5000000000000002 2.5000000000000004 4.5000000000000009 18.199973106384281 3.7451877593994145 3.6517024040222172 26.324682235717777 10.778295040130617 26.508056640625004 3.8994389772415166 20.377864837646488 10.169486045837404 4.5510237216949472 10.778295040130617 3.5236308574676518 23.667140960693363 11.046566963195803
decision_type=2 2 2 2 2 2 2 2 2 2 2 2 2 2 2 2 2 2 2 2 2 2 2 2 2 2 2 2 2 2
left_child=1 3 5 7 12 8 14 18 23 10 -4 -8 17 19 22 26 -10 -3 -1 -7 -9 -15 -5 -2 -17 -14 -6 -16 -12 -13
right_child=2 4 9 6 15 13 11 20 16 -11 28 29 25 21 27 24 -18 -19 -20 -21 -22 -23 -24 -25 -26 -27 -28 -29 -30 -31
leaf_value=16.01587773805506 15.229266169503051 15.197208708763123 14.645627060596761 15.744775712285723 14.832008706460611 14.885513791375301 15.26172086066234 15.653696470087226 15.03233824736698 14.305706544837173 14.461940758491631 15.078359944286534 14.902882483414768 14.609247364913717 15.456483605980873 14.57213023726581 14.799702359143758 14.99010167341431 15.823017803143232 14.683117740367914 15.4581794523663 14.405044544860498 15.543852637585299 15.031371872603893 14.389969472585722 14.714938067921278 14.636563605368911 15.289042224915473 14.303444195739225 14.904793969041453
leaf_weight=85 106 75 130 56 58 68 158 66 51 588 67 63 97 68 80 73 99 75 78 77 90 67 81 50 86 58 77 91 117 65
leaf_count=85 106 75 130 56 58 68 158 66 51 588 67 63 97 68 80 73 99 75 78 77 90 67 81 50 86 58 77 91 117 65
internal_value=14.8758 15.192 14.5546 15.464 14.7774 14.8448 15.3176 15.7364 15.0251 14.366 14.4789 15.1402 14.961 14.6478 15.4824 14.587 14.8788 15.0937 15.9236 14.778 15.5409 14.5079 15.626 15.1658 14.4736 14.8326 14.7205 15.3674 14.3612 14.9902
internal_weight=3000 1512 1488 913 599 586 594 319 306 902 314 286 305 280 308 294 150 150 163 145 156 135 137 156 159 155 135 171 184 128
internal_count=3000 1512 1488 913 599 586 594 319 306 902 314 286 305 280 308 294 150 150 163 145 156 135 137 156 159 155 135 171 184 128
is_linear=0
shrinkage=1


Tree=1
num_leaves=31
num_cat=0
split_feature=3 0 0 0 3 3 3 3 0 3 0 0 0 0 0 0 3 3 3 3 3 3 0 3 3 3 3 3 3 3
split_gain=110107 58500.5 33049.9 12537.1 9106.58 6543 5259.79 3599.96 2503.29 2696.89 2190.69 1876.05 1836.31 1828.39 1768.21 1418.99 923.169 889.596 584.787 580.668 553.09 549.611 603.804 484.184 473.039 465.373 439.304 392.198 378.257 357.708
threshold=13.897966861724855 3.5000000000000004 2.5000000000000004 1.5000000000000002 20.965649604797367 7.3709921836853036 7.9939610958099374 6.6921918392181405 3.5000000000000004 20.182231903076175 1.5000000000000002 4.5000000000000009 2.5000000000000004 1.5000000000000002 2.5000000000000004 4.5000000000000009 26.324682235717777 26.508056640625004 10.425682544708254 3.7451877593994145 18.199973106384281 17.82822418212891 4.5000000000000009 4.5510237216949472 2.9618983268737797 23.07070350646973 2.9618983268737797 17.39902496337891 10.169486045837404 10.169486045837404
decision_type=2 2 2 2 2 2 2 2 2 2 2 2 2 2 2 2 2 2 2 2 2 2 2 2 2 2 2 2 2 2
left_child=1 3 4 7 13 11 12 -1 9 -4 16 19 23 27 -8 28 -6 -12 -9 -3 -15 22 -10 -5 -13 -11 -14 -2 -7 -17
right_child=2 5 8 6 10 15 14 18 21 25 17 24 26 20 -16 29 -18 -19 -20 -21 -22 -23 -24 -25 -26 -27 -28 -29 -30 -31
leaf_value=1.0195220873906063 0.4196786533702504 0.30531047010421752 -0.18849288408633916 0.79937494638803841 0.048274962250523426 -0.023829362411500674 0.38957827743822643 0.77705728060578649 -0.34887103446432066 -0.37677876465562465 -0.21362533183195273 0.057689525296582903 0.57323118025256747 0.16851343542544381 0.12367232970569444 -0.28851407815332281 -0.18307595198804683 -0.44724547222479072 0.58411537955789006 0.10855878609915576 -0.03434748960481513 -0.56011912163802846 -0.55225289861361193 0.6107715175265358 -0.11833378396414479 -0.53831796551507616 0.40652897937582178 0.25406938298390463 -0.20554275517417514 -0.44670884217534745
leaf_weight=143 66 75 132 74 98 48 137 73 74 69 104 68 62 72 115 73 77 67 85 75 63 474 72 63 87 126 109 78 71 70
leaf_count=143 66 75 132 74 98 48 137 73 74 69 104 68 62 72 115 73 77 67 85 75 63 474 72 63 87 126 109 78 71 70
internal_value=-2.96025e-09 0.317819 -0.288706 0.577521 -0.00650097 -0.076544 0.437641 0.837763 -0.474955 -0.363018 -0.177886 0.0808788 0.576248 0.20604 0.268232 -0.259803 -0.0535194 -0.305161 0.673259 0.206935 0.073845 -0.533992 -0.449169 0.712645 -0.0411107 -0.481158 0.466971 0.329974 -0.132247 -0.365952
internal_weight=3000 1428 1572 861 625 567 560 301 947 327 346 305 308 279 252 262 175 171 158 150 135 620 146 137 155 195 171 144 119 143
internal_count=3000 1428 1572 861 625 567 560 301 947 327 346 305 308 279 252 262 175 171 158 150 135 620 146 137 155 195 171 144 119 143
is_linear=0
shrinkage=0.05


Tree=2
num_leaves=31
num_cat=0
split_feature=3 0 0 0 3 3 3 3 0 0 3 0 0 0 0 0 3 3 3 3 3 3 3 3 3 3 3 3 3 3
split_gain=99408.8 55561.2 26539.3 11853.6 6842.07 6808.76 5637.46 3817.35 2051.82 1996.37 2005.86 1693.14 1691.09 1663.19 1657.27 1455.47 667.186 592.995 524.053 483.202 448.682 446.154 431.408 430.946 430.334 425.623 415.121 396.606 360.411 354.674
threshold=14.689800262451174 3.5000000000000004 2.5000000000000004 1.5000000000000002 22.6301383972168 7.3709921836853036 7.9939610958099374 8.6127552986145037 1.5000000000000002 3.5000000000000004 21.68216705322266 4.5000000000000009 2.5000000000000004 1.5000000000000002 2.5000000000000004 4.5000000000000009 3.6517024040222172 18.988677978515629 3.7451877593994145 26.836229324340824 26.508056640625004 3.8994389772415166 4.5510237216949472 20.377864837646488 18.988677978515629 10.169486045837404 11.150726318359377 3.5236308574676518 11.51478433609009 11.641199111938478
decision_type=2 2 2 2 2 2 2 2 2 2 2 2 2 2 2 2 2 2 2 2 2 2 2 2 2 2 2 2 2 2
left_child=1 3 4 7 8 11 14 16 23 10 24 18 28 19 21 26 -1 -10 -3 -6 -15 -5 -13 -2 -4 -17 -7 -16 -8 -9
right_child=2 5 9 6 13 15 12 29 17 -11 -12 22 -14 20 27 25 -18 -19 -20 -21 -22 -23 -24 -25 -26 -27 -28 -29 -30 -31
leaf_value=1.0320699383230771 0.31931195169124965 0.29004494889577231 -0.14280986467708054 0.78553039687020443 -0.0034012912784690979 -0.051305965261200251 0.43007428809388043 0.65587392919941956 0.12006680189321439 -0.51468993480108227 -0.48411155184613003 0.025447355287591206 0.10407371913897806 -0.2425715481533724 0.52483549475669855 -0.2740883714532199 0.83827048937479653 -0.081357164763385198 0.10313084605087837 -0.18630325364715913 -0.42488320371997895 0.6019880636238758 -0.14692995239627257 0.14123583688586949 -0.30924105242074257 -0.43824954199236493 -0.22666664745329934 0.37222587354890596 0.27860418782514684 0.49678832714374255
leaf_weight=85 106 75 73 56 77 67 73 76 63 588 158 97 128 68 80 73 93 87 75 68 67 81 58 50 83 86 68 91 85 65
leaf_count=85 106 75 73 56 77 67 73 76 63 588 158 97 128 68 80 73 93 87 75 68 67 81 58 50 83 86 68 91 85 65
internal_value=3.49913e-10 0.285527 -0.290132 0.531031 -0.0281528 -0.0886713 0.399004 0.776874 0.135278 -0.460332 -0.358541 0.0768349 0.239155 -0.206759 0.547435 -0.26037 0.930815 0.0032409 0.196588 -0.089176 -0.333052 0.677013 -0.0390551 0.262236 -0.23136 -0.36288 -0.139636 0.443622 0.348587 0.582537
internal_weight=3000 1512 1488 913 586 599 594 319 306 902 314 305 286 280 308 294 178 150 150 145 135 137 155 156 156 159 135 171 158 141
internal_count=3000 1512 1488 913 586 599 594 319 306 902 314 305 286 280 308 294 178 150 150 145 135 137 155 156 156 159 135 171 158 141
is_linear=0
shrinkage=0.05


Tree=3
num_leaves=31
num_cat=0
split_feature=3 0 0 0 3 3 3 3 0 3 0 0 0 0 0 0 3 3 3 3 3 0 3 3 3 3 3 3 3 3
split_gain=89791.3 47666 26916.2 10202.6 7426.98 5321.08 4314.26 2966.93 2035.36 2199.62 1791.15 1690.57 1528.06 1486.14 1356.17 1153.32 756.971 720.996 532.755 480.029 477.406 532.235 446.425 420.295 406.032 398.083 394.822 335.121 316.451 301.57
threshold=13.897966861724855 3.5000000000000004 2.5000000000000004 1.5000000000000002 20.965649604797367 7.3709921836853036 6.5874056816101083 6.3299012184143075 3.5000000000000004 20.182231903076175 1.5000000000000002 2.5000000000000004 4.5000000000000009 1.5000000000000002 2.5000000000000004 4.5000000000000009 26.324682235717777 26.324682235717777 10.425682544708254 4.4573130607604989 17.82822418212891 4.5000000000000009 18.199973106384281 9.6821069717407244 9.9790482521057147 2.9618983268737797 23.667140960693363 17.731180191040043 10.169486045837404 17.012022018432621
decision_type=2 2 2 2 2 2 2 2 2 2 2 2 2 2 2 2 2 2 2 2 2 2 2 2 2 2 2 2 2 2
left_child=1 3 4 7 13 12 14 -1 9 29 16 23 19 27 -5 28 -6 -12 -9 -3 21 -10 -15 -8 -13 -14 -11 -2 -7 -4
right_child=2 5 8 6 10 15 11 18 20 26 17 24 25 22 -16 -17 -18 -19 -20 -21 -22 -23 -24 -25 -26 -27 -28 -29 -30 -31
leaf_value=0.92910078518530903 0.3718228539905033 0.26183649315075441 -0.07188363159170412 0.67696458842303309 0.043817444148530463 -0.020072596644846879 0.47287103876923076 0.70628590345382691 -0.30880674147928083 -0.34741726685792973 -0.19042693569075944 0.22601142968259641 0.053532682490699438 0.15177241437551048 0.44576617559871157 -0.32993212088004698 -0.1656758966383996 -0.39922418117523195 0.52651415796840895 0.080196202651507439 -0.50637866781733709 -0.49975508352120718 -0.030480579274987419 0.30930874335397152 0.054409049796989899 -0.10794354914848148 -0.49264431366553674 0.21921146318316459 -0.1862786605455716 -0.22831141241343628
leaf_weight=136 74 88 49 111 98 48 66 80 74 78 101 67 68 72 148 143 77 70 85 62 474 72 63 97 71 87 117 70 71 83
leaf_count=136 74 88 49 111 98 48 66 80 74 78 101 67 68 72 148 143 77 70 85 62 474 72 63 97 71 87 117 70 71 83
internal_value=-3.10364e-09 0.287004 -0.260714 0.521427 -0.00603955 -0.0689712 0.395241 0.756194 -0.428794 -0.32786 -0.160814 0.266506 0.0729931 0.185903 0.544851 -0.234235 -0.0483596 -0.275899 0.613676 0.186759 -0.482028 -0.402973 0.066721 0.375536 0.137723 -0.0371024 -0.434553 0.297637 -0.119238 -0.170244
internal_weight=3000 1428 1572 861 625 567 560 301 947 327 346 301 305 279 259 262 175 171 165 150 620 146 135 163 138 155 195 144 119 132
internal_count=3000 1428 1572 861 625 567 560 301 947 327 346 301 305 279 259 262 175 171 165 150 620 146 135 163 138 155 195 144 119 132
is_linear=0
shrinkage=0.05


Tree=4
num_leaves=31
num_cat=0
split_feature=3 0 0 0 3 3 3 3 0 0 3 0 0 0 0 0 3 3 3 3 3 3 3 3 3 3 3 3 3 3
split_gain=81058.1 45257.4 21611.2 9657.34 5621.58 5535.95 4618.14 3126.54 1670.42 1626.68 1652.53 1379.07 1376.28 1354.94 1303.63 1189.48 555.516 477.073 456.686 433.809 423.415 403.88 390.893 376.382 362.897 362.815 355.027 342.123 319.57 263.579
threshold=14.689800262451174 3.5000000000000004 2.5000000000000004 1.5000000000000002 22.6301383972168 7.3709921836853036 8.371282100677492 6.6921918392181405 1.5000000000000002 3.5000000000000004 22.407551765441898 4.5000000000000009 2.5000000000000004 1.5000000000000002 2.5000000000000004 4.5000000000000009 10.425682544708254 18.988677978515629 4.5510237216949472 3.7451877593994145 18.988677978515629 5.1152958869934091 26.836229324340824 10.169486045837404 4.5510237216949472 27.412730216979984 18.45958232879639 11.150726318359377 2.6227082014083867 17.82822418212891
decision_type=2 2 2 2 2 2 2 2 2 2 2 2 2 2 2 2 2 2 2 2 2 2 2 2 2 2 2 2 2 2
left_child=1 3 4 7 8 11 12 28 26 10 20 19 18 22 -8 27 -9 -10 -5 -3 -4 -14 -6 -17 -13 -15 -2 -7 -1 -11
right_child=2 5 9 6 13 15 14 16 17 29 -12 24 21 25 -16 23 -18 -19 -20 -21 -22 -23 -24 -25 -26 -27 -28 -29 -30 -31
leaf_value=0.96162464579597851 0.3196424658869354 0.26245088322957355 -0.12811092082411052 0.68851374548834732 -0.0041977869999873171 -0.045380382423303028 0.30651810319231665 0.66572388688178918 0.10821058584288473 -0.39638129091053681 -0.44993158335417088 0.02391217336365857 0.44255625861031672 -0.22924364358186722 0.085594263974546406 -0.2438873439210735 0.48542442090302995 -0.072456041862652906 0.51163596510887144 0.092390278185407321 -0.28683334528797805 0.27693379429670484 -0.16870429562952591 -0.39826071622759796 -0.13418627515563677 -0.39449574017928818 0.16817329358309507 -0.20457787743824374 0.81049521492748733 -0.48105971335358766
leaf_weight=61 71 75 73 74 77 67 149 73 63 114 142 97 126 76 121 73 103 87 72 75 99 52 68 86 58 59 85 68 82 474
leaf_count=61 71 75 73 74 77 67 149 73 63 114 142 97 126 76 121 73 103 87 72 75 99 52 68 86 58 59 85 68 82 474
internal_value=1.80863e-09 0.25783 -0.261988 0.479403 -0.0255801 -0.0798935 0.360233 0.701305 0.122559 -0.415575 -0.323691 0.0693435 0.487501 -0.187475 0.207511 -0.234714 0.560208 0.00342394 0.601286 0.177421 -0.219469 0.394172 -0.0813457 -0.327385 -0.0352472 -0.301465 0.237111 -0.125569 0.874963 -0.464642
internal_weight=3000 1512 1488 913 586 599 594 319 306 902 314 305 324 280 270 294 176 150 146 150 172 178 145 159 155 135 156 135 143 588
internal_count=3000 1512 1488 913 586 599 594 319 306 902 314 305 324 280 270 294 176 150 146 150 172 178 145 159 155 135 156 135 143 588
is_linear=0
shrinkage=0.05


Tree=5
num_leaves=31
num_cat=0
split_feature=3 0 0 0 3 3 3 3 0 3 0 0 0 0 0 0 3 3 3 3 0 3 3 3 3 3 3 3 3 3
split_gain=73257.3 38853.7 21903.2 8303.27 6058.29 4373.47 3522.28 2416.89 1655.03 1797.52 1459.96 1365.14 1214.92 1164.29 1155.22 1152.12 616.875 593.784 428.02 385.832 469.314 373.82 357.495 333.64 328.726 322.686 321.046 277.129 247.632 246.317
threshold=13.897966861724855 3.5000000000000004 2.5000000000000004 1.5000000000000002 20.965649604797367 6.429286241531373 6.8164260387420663 6.3299012184143075 3.5000000000000004 20.182231903076175 1.5000000000000002 2.5000000000000004 1.5000000000000002 2.5000000000000004 4.5000000000000009 4.5000000000000009 26.324682235717777 25.327569961547855 10.425682544708254 17.82822418212891 4.5000000000000009 10.085731983184816 17.82822418212891 9.6821069717407244 23.07070350646973 9.6821069717407244 11.046566963195803 16.850616455078129 2.6227082014083867 17.012022018432621
decision_type=2 2 2 2 2 2 2 2 2 2 2 2 2 2 2 2 2 2 2 2 2 2 2 2 2 2 2 2 2 2
left_child=1 3 4 7 12 14 13 28 9 29 16 25 27 -5 -3 21 -6 -12 -9 20 -10 -7 -14 -17 -11 -8 -13 -2 -1 -4
right_child=2 5 8 6 10 15 11 18 19 24 17 26 22 -15 -16 23 -18 -19 -20 -21 -22 -23 -24 -25 -26 -27 -28 -29 -30 -31
leaf_value=0.91354343852058784 0.35309201170658244 0.19114759062345213 -0.064718769321500863 0.60936732459486587 0.039198129126155862 -0.001450843014396154 0.42385019385625444 0.63705204844474794 -0.27562089546306717 -0.30481927930444913 -0.15681299953396585 0.18121082074480294 0.14181472865948039 0.39828179708493305 -0.016199916850427071 -0.21031899897283629 -0.14991828996397846 -0.34316052717321061 0.47591722993289731 -0.45700671330785952 -0.45492738385995229 -0.16578822872928672 -0.020920011239564596 -0.355316891871303 -0.44058638243448167 0.27851740376850997 0.02201362560825566 0.21166608208833737 0.7778848609924317 -0.20609197056437112
leaf_weight=61 58 130 49 114 98 65 63 80 74 69 86 81 67 153 139 76 77 85 85 474 72 74 68 83 126 97 52 86 75 83
leaf_count=61 58 130 49 114 98 65 63 80 74 69 86 81 67 153 139 76 77 85 85 474 72 74 68 83 126 97 52 86 75 83
internal_value=3.46384e-09 0.259237 -0.23549 0.470884 -0.00575233 -0.0621531 0.357047 0.682673 -0.387112 -0.296096 -0.14554 0.237343 0.167604 0.488408 0.0840052 -0.194088 -0.0440131 -0.249442 0.554043 -0.435116 -0.364046 -0.0889398 0.0598446 -0.28601 -0.392546 0.335742 0.118968 0.268629 0.838732 -0.153613
internal_weight=3000 1428 1572 861 625 567 560 301 947 327 346 293 279 267 269 298 175 171 165 620 146 139 135 159 195 160 133 144 136 132
internal_count=3000 1428 1572 861 625 567 560 301 947 327 346 293 279 267 269 298 175 171 165 620 146 139 135 159 195 160 133 144 136 132
is_linear=0
shrinkage=0.05


Tree=6
num_leaves=31
num_cat=0
split_feature=3 0 0 0 3 3 3 3 0 3 0 0 0 0 0 0 3 3 3 3 0 3 3 3 3 3 3 3 3 3
split_gain=66114.7 35065.5 19767.6 7493.7 5486.61 3947.05 3184.86 2181.24 1493.67 1623.04 1489.65 1246.07 1101.5 1042.58 1039.78 999.725 560.678 412.418 386.288 348.214 423.556 337.373 319.405 317.934 316.088 302.658 302.369 285.186 244.218 237.319
threshold=13.897966861724855 3.5000000000000004 2.5000000000000004 1.5000000000000002 22.6301383972168 6.429286241531373 6.5874056816101083 6.3299012184143075 3.5000000000000004 20.377864837646488 1.5000000000000002 2.5000000000000004 1.5000000000000002 4.5000000000000009 4.5000000000000009 2.5000000000000004 18.199973106384281 18.45958232879639 10.425682544708254 17.82822418212891 4.5000000000000009 10.085731983184816 10.425682544708254 9.6821069717407244 26.836229324340824 9.8297333717346209 27.412730216979984 23.667140960693363 2.9618983268737797 2.4892965555191044
decision_type=2 2 2 2 2 2 2 2 2 2 2 2 2 2 2 2 2 2 2 2 2 2 2 2 2 2 2 2 2 2
left_child=1 3 4 7 10 13 15 -1 9 -4 17 23 24 28 21 -5 -12 -2 -9 20 -10 -7 -13 -8 -6 -16 -14 -11 -3 -15
right_child=2 5 8 6 12 14 11 18 19 27 16 22 26 29 25 -17 -18 -19 -20 -21 -22 -23 -24 -25 -26 -27 -28 -29 -30 -31
leaf_value=0.79679513503523447 0.30622079888086645 0.26036891330565726 -0.14844605346658715 0.58117028249276659 -0.0048425778166040203 -0.0013783013476775243 0.40684869722886524 0.60519943594932557 -0.26183985109264785 -0.29858666038513187 0.12935559320160084 0.18774049219489097 -0.20675328215093991 0.059576517703632516 -0.20315782138612121 0.38266694175230492 -0.054019704701219022 0.15222488145727445 0.45212136549108167 -0.43415638897489395 -0.43218101428614725 -0.15749881586210956 0.035026378640932741 0.26459153804582419 -0.15277316578499534 -0.34112838250172289 -0.35761291637259018 -0.42348619281736194 0.12197390403472692 -0.072326457566475572
leaf_weight=136 89 56 135 111 77 65 66 80 74 75 72 75 76 60 80 148 99 85 85 474 72 74 63 97 68 79 59 117 74 79
leaf_count=136 89 56 135 111 77 65 66 80 74 75 72 75 76 60 80 148 99 85 85 474 72 74 63 97 68 79 59 117 74 79
internal_value=3.36429e-09 0.246275 -0.223716 0.44734 -0.00546472 -0.0590454 0.339195 0.64854 -0.367757 -0.281291 0.127995 0.228587 -0.169907 0.0798049 -0.184383 0.46774 0.0231909 0.230993 0.526341 -0.41336 -0.345844 -0.0844928 0.118023 0.322193 -0.0742169 -0.271709 -0.272685 -0.374697 0.18159 -0.0153899
internal_weight=3000 1428 1572 861 625 567 560 301 947 327 345 301 280 269 298 259 171 174 165 620 146 139 138 163 145 159 135 192 130 139
internal_count=3000 1428 1572 861 625 567 560 301 947 327 345 301 280 269 298 259 171 174 165 620 146 139 138 163 145 159 135 192 130 139
is_linear=0
shrinkage=0.05


Tree=7
num_leaves=31
num_cat=0
split_feature=3 0 0 0 3 3 3 3 0 0 3 0 0 0 0 0 3 3 3 3 3 3 3 3 3 3 3 3 3 3
split_gain=59752 33857.4 15292 7149.3 4227.38 3962.4 3520.5 2432.21 1293.85 1171.64 1172.36 1013.91 1007.82 989.132 934.311 905.802 446.593 415.776 382.783 364.046 353.219 352.774 320.18 316.042 296.357 263.682 251.145 234.511 212.78 195.697
threshold=14.883037090301515 3.5000000000000004 2.5000000000000004 1.5000000000000002 7.3709921836853036 23.667140960693363 8.371282100677492 8.6127552986145037 1.5000000000000002 3.5000000000000004 22.6301383972168 4.5000000000000009 2.5000000000000004 2.5000000000000004 4.5000000000000009 1.5000000000000002 3.6517024040222172 20.377864837646488 3.8994389772415166 19.507663726806644 4.4573130607604989 2.9618983268737797 11.046566963195803 18.988677978515629 2.9618983268737797 11.842049121856691 11.641199111938478 12.446928024291994 11.046566963195803 27.736106872558597
decision_type=2 2 2 2 2 2 2 2 2 2 2 2 2 2 2 2 2 2 2 2 2 2 2 2 2 2 2 2 2 2
left_child=1 3 5 7 11 8 12 16 17 10 23 20 18 27 25 29 -1 -2 -5 -10 -3 -14 -16 -4 -13 -6 -9 -8 -15 -7
right_child=2 4 9 6 14 15 13 26 19 -11 -12 24 21 28 22 -17 -18 -19 -20 -21 -22 -23 -24 -25 -26 -27 -28 -29 -30 -31
leaf_value=0.80446205924539016 0.24429845358475602 0.21681869090958075 -0.11078555439199721 0.61845306498663766 -0.051139339395776029 -0.036252714448595701 0.31124539057845657 0.50922426863720538 0.071967222073824319 -0.40063197687010454 -0.38756311024938311 0.048267508832641935 0.43486429029895418 0.14306441198901407 -0.22664680908789339 -0.28313496791083237 0.64590512193659311 0.086401373267331175 0.45195563528272847 -0.079901784544927079 0.061006781188470707 0.287122516025757 -0.36877035916741219 -0.24902467951916232 -0.091057662997694536 -0.19044006762319599 0.37795816864286153 0.18603131333513867 0.011451823691673139 -0.16390439599168069
leaf_weight=85 101 88 70 56 82 73 92 76 67 578 140 68 62 56 97 116 93 71 90 96 62 116 67 101 87 58 70 63 68 51
leaf_count=85 101 88 70 56 82 73 92 76 67 578 140 68 62 56 97 116 93 71 90 96 62 116 67 101 87 58 70 63 68 51
internal_value=1.54152e-09 0.217852 -0.228566 0.408121 -0.0717712 -0.0276337 0.306338 0.597551 0.0834623 -0.358527 -0.280274 0.0597464 0.418448 0.176147 -0.203721 -0.182705 0.721621 0.17912 0.515818 -0.0174771 0.152416 0.338583 -0.284709 -0.192436 -0.0299344 -0.10885 0.446288 0.260352 0.0708898 -0.0887546
internal_weight=3000 1536 1464 927 609 575 603 324 335 889 311 305 324 279 304 240 178 172 146 163 150 178 164 171 155 140 146 155 124 124
internal_count=3000 1536 1464 927 609 575 603 324 335 889 311 305 324 279 304 240 178 172 146 163 150 178 164 171 155 140 146 155 124 124
is_linear=0
shrinkage=0.05


Tree=8
num_leaves=31
num_cat=0
split_feature=3 0 0 0 3 3 3 3 0 0 3 0 0 0 0 0 3 3 3 3 3 3 3 3 3 3 3 3 3 3
split_gain=53926.2 30556.3 13801 6452.24 3815.21 3576.06 3183.89 2195.07 1167.7 1057.4 1066.42 1009.17 915.052 897.52 843.216 817.486 403.05 375.238 328.552 322.413 319.347 288.963 273.768 271.502 257.03 253.687 244.682 241.58 226.658 177.317
threshold=14.883037090301515 3.5000000000000004 2.5000000000000004 1.5000000000000002 7.3709921836853036 23.667140960693363 7.4914550781250009 8.6127552986145037 1.5000000000000002 3.5000000000000004 23.07070350646973 2.5000000000000004 4.5000000000000009 2.5000000000000004 4.5000000000000009 1.5000000000000002 3.6517024040222172 20.377864837646488 19.507663726806644 18.988677978515629 4.5510237216949472 11.046566963195803 11.51478433609009 4.5510237216949472 2.9618983268737797 2.9618983268737797 11.046566963195803 10.778295040130617 11.641199111938478 27.831704139709476
decision_type=2 2 2 2 2 2 2 2 2 2 2 2 2 2 2 2 2 2 2 2 2 2 2 2 2 2 2 2 2 2
left_child=1 3 5 7 12 8 13 16 17 10 19 22 20 25 27 29 -1 -2 -10 -4 -3 -16 -8 -14 -15 -5 -13 -6 -9 -7
right_child=2 4 9 6 14 15 11 28 18 -11 -12 26 23 24 21 -17 -18 -19 -20 -21 -22 -23 -24 -25 -26 -27 -28 -29 -30 -31
leaf_value=0.76423893928527831 0.23208353003062823 0.20436322162548703 -0.10524627724928515 0.60490330166286899 -0.025311048123343241 -0.036800009090649455 0.32528491996857056 0.48376304601368147 0.068368859246456581 -0.38060038147500647 -0.37845066766890273 0.14452399068336558 0.022732731080346999 0.41312108808948156 -0.21531447000878373 -0.26897821901687263 0.61360987694032731 0.082081302633167999 -0.075906695716912512 -0.24134808618089429 0.055444209625323621 -0.35033184521233857 0.19971779691321512 -0.11401568535105165 0.28426963571205882 0.45715995067503395 0.010879233252147541 -0.15864587235378058 0.35906026022774834 -0.15955194098254044
leaf_weight=85 101 90 70 45 58 76 83 76 67 578 126 69 97 62 97 116 93 71 96 115 60 67 91 58 103 82 68 82 70 48
leaf_count=85 101 90 70 45 58 76 83 76 67 578 126 69 97 62 97 116 93 71 96 115 60 67 91 58 103 82 68 82 70 48
internal_value=1.3873e-10 0.206959 -0.217137 0.387715 -0.0681826 -0.026252 0.291021 0.567674 0.0792892 -0.340601 -0.266261 0.179694 0.056759 0.409593 -0.193535 -0.17357 0.685539 0.170164 -0.0166032 -0.18985 0.144796 -0.270474 0.259615 -0.0284376 0.332687 0.50951 0.0781894 -0.103407 0.423974 -0.0843169
internal_weight=3000 1536 1464 927 609 575 603 324 335 889 311 311 305 292 304 240 178 172 163 185 150 164 174 155 165 127 137 140 146 124
internal_count=3000 1536 1464 927 609 575 603 324 335 889 311 311 305 292 304 240 178 172 163 185 150 164 174 155 165 127 137 140 146 124
is_linear=0
shrinkage=0.05


Tree=9
num_leaves=31
num_cat=0
split_feature=3 0 0 0 3 3 3 3 3 0 0 0 0 0 0 0 3 3 0 3 3 3 3 3 3 3 3 3 3 3
split_gain=48669.3 25792.3 14518.5 5506.71 4075.99 2927.89 2379.79 1628.53 1102.69 1251.32 1001.22 922.086 808.375 765.668 760.915 735.745 443.7 430.987 337.324 284.415 257.407 239.033 235.222 234.667 232.413 201.995 198.546 192.997 187.598 184.504
threshold=13.897966861724855 3.5000000000000004 2.5000000000000004 1.5000000000000002 20.928581237792972 6.429286241531373 6.5874056816101083 6.3299012184143075 20.182231903076175 3.5000000000000004 1.5000000000000002 2.5000000000000004 1.5000000000000002 4.5000000000000009 4.5000000000000009 2.5000000000000004 25.463767051696781 26.508056640625004 4.5000000000000009 10.425682544708254 10.085731983184816 9.6821069717407244 9.9790482521057147 9.4509568214416522 17.159157752990726 1.4941371679306032 1.2348309159278872 2.9618983268737797 16.376976013183597 16.850616455078129
decision_type=2 2 2 2 2 2 2 2 2 2 2 2 2 2 2 2 2 2 2 2 2 2 2 2 2 2 2 2 2 2
left_child=1 3 4 7 12 13 15 25 9 28 16 21 29 27 20 -5 -6 -12 -11 -9 -7 -8 -13 -16 -14 -1 -15 -3 -4 -2
right_child=2 5 8 6 10 14 11 19 -10 18 17 22 24 26 23 -17 -18 -19 -20 -21 -22 -23 -24 -25 -26 -27 -28 -29 -30 -31
leaf_value=0.78783125468662807 0.29113948730559186 0.22629136698586599 -0.030622749312437681 0.49946123780430973 0.050460035976295059 -0.00045458144866503206 0.3493503059401657 0.51829375892877583 -0.35830594722566933 -0.25503927871396992 -0.14089012427698999 0.16751240042608176 0.12774636954591986 0.088532820354319294 -0.16727826994882056 0.32917047436978364 -0.10791340877767652 -0.3031959555042324 -0.37490153923507563 0.38694272377911743 -0.13682328303520744 0.22600141505221116 0.036900648775077621 -0.28917279711296395 -0.0054431603471567112 0.64844646831550223 -0.047874720411791097 0.10326263948872283 -0.16227125239142395 0.17490663007574989
leaf_weight=35 58 56 38 111 82 65 66 80 580 114 105 67 57 36 73 148 96 67 121 85 74 97 71 86 77 101 103 74 94 83
leaf_count=35 58 56 38 111 82 65 66 80 580 114 105 67 57 36 73 148 96 67 121 85 74 97 71 86 77 101 103 74 94 83
internal_value=6.36543e-10 0.2113 -0.191944 0.383741 -0.00490207 -0.0505552 0.291036 0.556215 -0.315388 -0.247561 -0.118084 0.195424 0.139148 0.0690329 -0.158506 0.402152 -0.0349549 -0.204114 -0.316756 0.450628 -0.0730537 0.275946 0.100314 -0.233209 0.0512121 0.684318 -0.0125461 0.15626 -0.124372 0.222719
internal_weight=3000 1428 1572 861 625 567 560 301 947 367 350 301 275 269 298 259 178 172 235 165 139 163 138 159 134 136 139 130 132 141
internal_count=3000 1428 1572 861 625 567 560 301 947 367 350 301 275 269 298 259 178 172 235 165 139 163 138 159 134 136 139 130 132 141
is_linear=0
shrinkage=0.05


Tree=10
num_leaves=31
num_cat=0
split_feature=3 0 0 0 3 3 3 3 0 0 3 0 0 0 0 0 3 3 3 3 3 3 3 3 3 3 3 3 3 3
split_gain=43981.9 24873.1 11245.3 5256.67 3104.4 2952.96 2601.8 1796.9 965.459 894.916 889.445 825.469 740.933 729.008 722.689 691.015 303.282 288.931 277.516 273.332 271.67 256.296 246.967 246.772 232.917 182.311 179.188 174.614 174.179 157.521
threshold=14.883037090301515 3.5000000000000004 2.5000000000000004 1.5000000000000002 6.429286241531373 23.209966659545902 8.371282100677492 7.7976799011230478 1.5000000000000002 3.5000000000000004 23.07070350646973 4.5000000000000009 2.5000000000000004 2.5000000000000004 1.5000000000000002 4.5000000000000009 3.1273840665817265 9.8297333717346209 2.9618983268737797 2.6227082014083867 10.169486045837404 18.988677978515629 11.641199111938478 19.507663726806644 20.377864837646488 12.446928024291994 1.2348309159278872 26.836229324340824 2.9618983268737797 11.046566963195803
decision_type=2 2 2 2 2 2 2 2 2 2 2 2 2 2 2 2 2 2 2 2 2 2 2 2 2 2 2 2 2 2
left_child=1 3 5 7 15 8 12 19 24 10 21 20 16 25 27 28 -5 -13 -14 -1 -6 -4 -9 -10 -2 -8 -17 -7 -3 -15
right_child=2 4 9 6 11 14 13 22 23 -11 -12 17 18 29 -16 26 -18 -19 -20 -21 -22 -23 -24 -25 -26 -27 -28 -29 -30 -31
leaf_value=0.7131703611280098 0.20972008868166717 0.21497680316013948 -0.093939162540648671 0.54396853203676188 -0.0033299052923479507 -0.012801301129388088 0.26795144949270333 0.44825433558160133 0.062240721440331929 -0.34434228277536416 -0.34161283487365363 -0.16437354421243072 0.37600651537218405 0.12252510537260347 -0.23930234857334579 0.084106178064313197 0.39135743662254097 -0.29185839581489564 0.24496784980954797 0.57937409457038436 -0.13512587665286643 -0.21528607378835263 0.32333401679992679 -0.064200445158140995 0.085982185730435812 0.1575492504925009 -0.045480984972916472 -0.12696683968910402 0.098099508656289525 0.0092846318175468373
leaf_weight=61 101 56 70 49 68 66 92 91 67 578 126 80 62 56 121 36 97 100 116 102 92 115 70 91 61 63 103 68 74 68
leaf_count=61 101 56 70 49 68 66 92 91 67 578 126 80 62 56 121 36 97 100 116 102 92 115 70 91 61 63 103 68 74 68
internal_value=1.0157e-09 0.186905 -0.196097 0.349988 -0.061334 -0.0237908 0.262711 0.51242 0.0773579 -0.307544 -0.239154 -0.161746 0.359089 0.150788 -0.150722 0.0655812 0.442576 -0.235198 0.290611 0.629445 -0.0791126 -0.169371 0.393941 -0.010583 0.163127 0.223078 -0.0119188 -0.0707361 0.148447 0.0604255
internal_weight=3000 1536 1464 927 609 575 603 324 320 889 311 340 324 279 255 269 146 180 178 163 160 185 161 158 162 155 139 134 130 124
internal_count=3000 1536 1464 927 609 575 603 324 320 889 311 340 324 279 255 269 146 180 178 163 160 185 161 158 162 155 139 134 130 124
is_linear=0
shrinkage=0.05


Tree=11
num_leaves=31
num_cat=0
split_feature=3 0 0 0 3 3 3 3 0 0 3 0 0 0 0 0 3 3 3 3 3 3 3 3 3 3 3 3 3 3
split_gain=39693.7 22447.9 10148.9 4744.15 2805.19 2665.05 2369.47 1631.09 871.327 807.662 802.724 788.664 673.175 652.227 633.498 624.289 382.891 255.253 246.103 231.307 224.982 223.166 221.828 214.993 210.208 188.825 165.1 157.817 156.322 153.152
threshold=14.883037090301515 3.5000000000000004 2.5000000000000004 1.5000000000000002 7.3709921836853036 23.209966659545902 6.8164260387420663 9.1587767601013201 1.5000000000000002 3.5000000000000004 23.07070350646973 2.5000000000000004 4.5000000000000009 1.5000000000000002 2.5000000000000004 4.5000000000000009 4.5510237216949472 9.6821069717407244 3.7451877593994145 18.988677978515629 11.046566963195803 18.988677978515629 11.046566963195803 4.5510237216949472 20.377864837646488 11.842049121856691 2.9618983268737797 27.831704139709476 2.9618983268737797 27.412730216979984
decision_type=2 2 2 2 2 2 2 2 2 2 2 2 2 2 2 2 2 2 2 2 2 2 2 2 2 2 2 2 2 2
left_child=1 3 5 7 12 8 14 16 24 10 19 17 18 27 28 25 -1 -8 -3 -4 -17 -10 -13 -14 -2 -6 -16 -7 -5 -15
right_child=2 4 9 6 15 13 11 -9 21 -11 -12 22 23 29 26 20 -18 -19 -20 -21 -22 -23 -24 -25 -26 -27 -28 -29 -30 -31
leaf_value=0.64887737392150258 0.19923408227686834 0.18842182054122292 -0.089242201825337764 0.52248667187160913 -0.039367388629513549 -0.026660971534113554 0.31155532352508064 0.34975325254293588 0.069046484531932753 -0.32712517113627859 -0.32453219379697529 0.13130295154765065 0.021327894678358564 -0.17246297191708321 0.35720617694239465 -0.18328430999800105 0.50839013930448551 0.18796194674026581 0.060332435617766661 -0.20452176731565724 -0.30242018575098983 -0.054694616861899595 0.0088203999843886674 -0.10036027227721081 0.081683077440276503 -0.15724819677657095 0.25140937756706072 -0.13983032945689047 0.40270197322403178 -0.28500170192476049
leaf_weight=97 101 75 70 45 82 86 63 130 57 578 126 81 97 62 62 97 97 124 75 115 67 101 68 58 61 58 91 48 69 59
leaf_count=97 101 75 70 45 82 86 63 130 57 578 126 81 97 62 62 97 97 124 75 115 67 101 68 58 61 58 91 48 69 59
internal_value=4.65264e-10 0.17756 -0.186292 0.332488 -0.0582673 -0.0226012 0.249575 0.486799 0.07349 -0.292167 -0.227196 0.161222 0.0488671 -0.143186 0.360762 -0.165754 0.578634 0.2296 0.124377 -0.160902 -0.231956 -0.0100538 0.0754049 -0.024207 0.154971 -0.0882037 0.294281 -0.0671992 0.449985 -0.227337
internal_weight=3000 1536 1464 927 609 575 603 324 320 889 311 336 305 255 267 304 194 187 150 185 164 158 149 155 162 140 153 134 114 121
internal_count=3000 1536 1464 927 609 575 603 324 320 889 311 336 305 255 267 304 194 187 150 185 164 158 149 155 162 140 153 134 114 121
is_linear=0
shrinkage=0.05


Tree=12
num_leaves=31
num_cat=0
split_feature=3 0 0 0 3 3 3 3 3 0 0 0 0 0 0 0 3 3 0 3 3 3 3 3 3 3 3 3 3 3
split_gain=35854.2 18976.4 10655.7 4050.7 3003.25 2188.95 1767.7 1211.85 860.355 924.633 742.211 683.042 612.121 588.306 541.235 479.444 337.009 330.464 275.316 245.72 234.263 215.052 174.774 173.765 170.729 161.767 149.247 144.078 137.414 136.222
threshold=13.897966861724855 3.5000000000000004 2.5000000000000004 1.5000000000000002 20.928581237792972 5.8013141155242929 6.5874056816101083 6.3299012184143075 20.304259300231937 4.5000000000000009 1.5000000000000002 2.5000000000000004 4.5000000000000009 1.5000000000000002 2.5000000000000004 4.5000000000000009 25.463767051696781 26.508056640625004 3.5000000000000004 10.085731983184816 9.1587767601013201 10.778295040130617 9.6821069717407244 9.9790482521057147 17.159157752990726 1.4941371679306032 17.012022018432621 16.850616455078129 2.9618983268737797 16.850616455078129
decision_type=2 2 2 2 2 2 2 2 2 2 2 2 2 2 2 2 2 2 2 2 2 2 2 2 2 2 2 2 2 2
left_child=1 3 4 7 13 15 14 25 9 18 16 22 19 27 28 -3 -6 -12 26 -7 -14 -9 -8 -13 -15 -1 -4 -2 -5 -20
right_child=2 5 8 6 10 12 11 21 -10 -11 17 23 20 24 -16 -17 -18 -19 29 -21 -22 -23 -24 -25 -26 -27 -28 -29 -30 -31
leaf_value=0.68033730915614543 0.25089768179017924 0.14647724292524483 -0.038268988864610387 0.49636233753628201 0.044353068874376581 0.0078347249131184068 0.29942817200313915 0.43634001413981127 -0.30908941799527284 -0.3233451329892682 -0.12036991776188924 0.14325596481672864 -0.12698520540654454 0.10972096354030728 0.28293234947565438 0.0036097476212307816 -0.093672028634076324 -0.26249282048709355 -0.1538759173087354 -0.11857759030284108 -0.24206246865990885 0.32123986598518162 0.19395437687059347 0.030996325441544327 -0.0044336083943822555 0.55560182179554862 -0.14759979313889215 0.14818462435245874 0.38305213017897177 -0.26264738904105295
leaf_weight=35 58 115 49 45 82 80 66 93 572 124 105 67 82 57 148 120 96 67 53 74 96 72 97 71 77 101 86 83 66 63
leaf_count=35 58 115 49 45 82 80 66 93 572 124 105 67 82 57 148 120 96 67 53 74 96 72 97 71 77 101 86 83 66 63
internal_value=1.34068e-10 0.18136 -0.164747 0.329272 -0.00450772 -0.0432464 0.249762 0.477198 -0.270501 -0.211642 -0.101661 0.167358 -0.1259 0.119142 0.345528 0.0735236 -0.0300874 -0.175732 -0.156458 -0.0529089 -0.189049 0.386114 0.236662 0.0854992 0.0441247 0.587703 -0.107917 0.190435 0.428989 -0.21295
internal_weight=3000 1428 1572 861 625 567 560 301 947 375 350 301 332 275 259 235 178 172 251 154 178 165 163 138 134 136 135 141 111 116
internal_count=3000 1428 1572 861 625 567 560 301 947 375 350 301 332 275 259 235 178 172 251 154 178 165 163 138 134 136 135 141 111 116
is_linear=0
shrinkage=0.05


Tree=13
num_leaves=31
num_cat=0
split_feature=3 0 0 0 3 3 3 3 3 0 0 0 0 0 0 0 3 0 3 3 3 3 3 3 3 3 3 3 0 3
split_gain=32358.4 17126.2 9616.73 3655.76 2732.34 1975.53 1598.01 1094.76 776.47 834.482 729.165 616.74 552.439 536.962 511.313 432.698 278.453 248.473 222.525 221.102 213.14 209.319 180.07 166.946 166.48 157.34 137.931 136.285 135.087 189.406
threshold=13.897966861724855 3.5000000000000004 2.5000000000000004 1.5000000000000002 22.6301383972168 5.8013141155242929 6.429286241531373 6.1568281650543222 20.304259300231937 4.5000000000000009 1.5000000000000002 2.5000000000000004 4.5000000000000009 1.5000000000000002 2.5000000000000004 4.5000000000000009 18.199973106384281 3.5000000000000004 9.8297333717346209 18.016186714172367 9.4509568214416522 9.4509568214416522 27.412730216979984 26.836229324340824 9.9790482521057147 9.6821069717407244 1.4941371679306032 16.376976013183597 3.5000000000000004 24.508625984191898
decision_type=2 2 2 2 2 2 2 2 2 2 2 2 2 2 2 2 2 2 2 2 2 2 2 2 2 2 2 2 2 2
left_child=1 3 4 7 10 15 14 26 9 17 19 25 18 23 -5 -3 -12 27 -7 -2 -14 -9 -15 -6 -13 -8 -1 -4 29 -10
right_child=2 5 8 6 13 12 11 21 28 -11 16 24 20 22 -16 -17 -18 -19 -20 -21 -22 -23 -24 -25 -26 -27 -28 -29 -30 -31
leaf_value=0.64632041386195604 0.22166045235197354 0.13915338049440282 -0.02225670147393095 0.41334505716216907 -0.003099437180132448 0.010625695304847077 0.28261547556945255 0.43688139424604533 -0.20821316674832377 -0.30717788329047546 0.091391592379659423 0.13850543299150836 -0.12669784786513724 -0.14120773713251478 0.26946339215317816 0.0034292609489057213 -0.037837481097732155 -0.2023025705896575 -0.1095912609822475 0.10874840168120421 -0.23618653930377131 0.3234058257376794 -0.25762697922981392 -0.11060763472581613 0.029446507958878931 0.18425665953263795 0.53053111366389949 -0.13396463678938519 -0.3109067458855479 -0.3075838257568051
leaf_weight=35 82 115 38 107 77 76 70 68 93 124 72 69 92 76 146 120 99 116 78 92 86 101 59 68 71 97 97 97 380 99
leaf_count=35 82 115 38 107 77 76 70 68 93 124 72 69 92 76 146 120 99 116 78 92 86 101 59 68 71 97 97 97 380 99
internal_value=2.78048e-11 0.172292 -0.15651 0.312808 -0.00428234 -0.0410841 0.237273 0.453338 -0.256976 -0.20106 0.0898994 0.160598 -0.119605 -0.120328 0.330315 0.0698474 0.0165748 -0.148635 -0.0502634 0.16196 -0.179597 0.369065 -0.192087 -0.0535171 0.083197 0.225485 0.561233 -0.102521 -0.293635 -0.259451
internal_weight=3000 1428 1572 861 625 567 560 301 947 375 345 307 332 280 253 235 171 251 154 174 178 169 135 145 140 167 132 135 572 192
internal_count=3000 1428 1572 861 625 567 560 301 947 375 345 307 332 280 253 235 171 251 154 174 178 169 135 145 140 167 132 135 572 192
is_linear=0
shrinkage=0.05


Tree=14
num_leaves=31
num_cat=0
split_feature=3 0 0 0 3 3 3 3 0 0 3 0 0 0 0 0 3 3 3 3 3 3 3 3 3 3 3 3 3 3
split_gain=29248.6 16493.6 7459.63 3489.33 2075.23 1985.69 1748.62 1207.99 631.28 617.487 607.286 551.43 550.062 485.008 458.959 431.802 237.636 210.733 204.082 185.44 185.39 174.515 169.24 168.592 159.42 149.136 148.984 138.167 134.414 119.002
threshold=14.883037090301515 3.5000000000000004 2.5000000000000004 1.5000000000000002 6.429286241531373 23.787522315979007 7.4914550781250009 8.6127552986145037 1.5000000000000002 3.5000000000000004 23.07070350646973 4.5000000000000009 2.5000000000000004 2.5000000000000004 4.5000000000000009 1.5000000000000002 4.5510237216949472 20.377864837646488 11.046566963195803 19.507663726806644 11.842049121856691 2.9618983268737797 12.446928024291994 18.988677978515629 3.1273840665817265 1.2348309159278872 1.6073193550109866 11.641199111938478 11.046566963195803 17.82822418212891
decision_type=2 2 2 2 2 2 2 2 2 2 2 2 2 2 2 2 2 2 2 2 2 2 2 2 2 2 2 2 2 2
left_child=1 3 5 7 14 8 13 16 17 10 23 20 22 24 26 -7 -1 -2 -13 -10 -6 -15 -8 -4 -5 -16 -3 -9 -14 -11
right_child=2 4 9 6 11 15 12 27 19 29 -12 18 28 21 25 -17 -18 -19 -20 -21 -22 -23 -24 -25 -26 -27 -28 -29 -30 -31
leaf_value=0.55778747883039648 0.17134812015643586 0.22373476965086803 -0.075034366492182022 0.44611183380594066 -0.023700830417082593 -0.065013460612657378 0.22776202583635174 0.35763713639033473 0.051817874094721543 -0.23281589439855171 -0.27853660318586559 -0.15086360903440324 0.10583466978176781 0.31172608252494571 0.078482524657415023 -0.20005194563580597 0.44177410720307153 0.059844672738587207 -0.26100034251141907 -0.056343146267625481 -0.13565992977598618 0.20555323958396912 0.12515810690228901 -0.17345279926191207 0.33103232391369652 -0.03973954242639452 0.093528141238379714 0.26027452230453491 0.0067803974865990532 -0.29187760061352569
leaf_weight=97 101 28 70 49 102 122 111 76 67 104 126 113 69 62 36 115 81 73 67 97 58 103 63 115 78 103 102 70 68 474
leaf_count=97 101 28 70 49 102 122 111 76 67 104 126 113 69 62 36 115 81 73 67 97 58 103 63 115 78 103 102 70 68 474
internal_value=-1.06843e-09 0.152418 -0.159914 0.285219 -0.049727 -0.0195761 0.214111 0.417558 0.0582288 -0.250684 -0.193875 -0.131825 0.131608 0.301983 0.0540396 -0.130538 0.504995 0.124568 -0.191859 -0.0121554 -0.064286 0.245448 0.190612 -0.136213 0.375433 -0.00912088 0.121573 0.310956 0.056669 -0.281251
internal_weight=3000 1536 1464 927 609 575 603 324 338 889 311 340 311 292 269 237 178 174 180 164 160 165 174 185 127 139 130 146 137 578
internal_count=3000 1536 1464 927 609 575 603 324 338 889 311 340 311 292 269 237 178 174 180 164 160 165 174 185 127 139 130 146 137 578
is_linear=0
shrinkage=0.05


Tree=15
num_leaves=31
num_cat=0
split_feature=3 0 0 0 3 3 3 3 0 0 3 0 0 0 0 0 3 3 3 3 3 3 3 3 3 3 3 3 3 3
split_gain=26396.8 14885.5 6732.32 3149.12 1875.96 1798.89 1580.57 1093.21 574.85 557.282 548.076 538.907 525.038 436.026 420.594 366.576 261.363 223.332 205.576 178.969 152.154 150.163 149.783 145.706 131.197 122.214 121.909 114.25 113.671 108.899
threshold=14.883037090301515 3.5000000000000004 2.5000000000000004 1.5000000000000002 5.8921234607696542 23.209966659545902 6.8164260387420663 9.1587767601013201 1.5000000000000002 3.5000000000000004 23.07070350646973 4.5000000000000009 2.5000000000000004 1.5000000000000002 2.5000000000000004 4.5000000000000009 4.5510237216949472 9.4509568214416522 10.085731983184816 11.51478433609009 18.988677978515629 11.046566963195803 19.507663726806644 18.988677978515629 2.9618983268737797 28.710180282592777 27.831704139709476 2.4892965555191044 1.6073193550109866 1.2348309159278872
decision_type=2 2 2 2 2 2 2 2 2 2 2 2 2 2 2 2 2 2 2 2 2 2 2 2 2 2 2 2 2 2
left_child=1 3 5 7 15 8 14 16 23 10 20 18 19 26 27 28 -1 -13 -6 -8 -4 -14 -10 -2 -16 -15 -7 -5 -3 -17
right_child=2 4 9 6 11 13 12 -9 22 -11 -12 17 21 25 24 29 -18 -19 -20 -21 -22 -23 -24 -25 -26 -27 -28 -29 -30 -31
leaf_value=0.52989811405693132 0.17635312294224642 0.21254802665540151 -0.071282647590019885 0.44059497051768837 0.0061336451604102667 -0.019909076314679412 0.23465970798085134 0.28448377086566046 0.049226980338067709 -0.26718804726448026 -0.26460976761484906 -0.11624449049757624 0.10721505637522098 -0.15441510432594741 0.29613977430328248 0.074558397951639363 0.41382768080406579 -0.22377456616018421 -0.10340572064644411 0.13679571739387708 -0.16478015923953576 0.00644137749229284 -0.049281059672216798 0.081399645516101057 0.20182886998077018 -0.26524059040205822 -0.11937415714686116 0.33291099514716715 0.097039587716205744 -0.02867046624252742
leaf_weight=97 77 28 70 36 78 86 96 130 67 578 126 88 81 86 62 36 97 107 95 91 115 68 91 85 91 35 48 78 89 88
leaf_count=97 77 28 70 36 78 86 96 130 67 578 126 88 81 86 62 36 97 107 95 91 115 68 91 85 91 35 48 78 89 88
internal_value=5.52585e-11 0.144797 -0.151918 0.270958 -0.0472406 -0.0185973 0.203406 0.39668 0.0603493 -0.23815 -0.184181 -0.118257 0.131245 -0.117668 0.294216 0.061199 0.471863 -0.175248 -0.054018 0.187036 -0.129403 0.0612244 -0.00750866 0.126532 0.240046 -0.186472 -0.0555384 0.366916 0.124683 0.0012992
internal_weight=3000 1536 1464 927 609 575 603 324 320 889 311 368 336 255 267 241 194 195 173 187 185 149 158 162 153 121 134 114 117 124
internal_count=3000 1536 1464 927 609 575 603 324 320 889 311 368 336 255 267 241 194 195 173 187 185 149 158 162 153 121 134 114 117 124
is_linear=0
shrinkage=0.05


Tree=16
num_leaves=31
num_cat=0
split_feature=3 0 0 0 3 3 3 3 3 0 0 0 0 0 0 0 3 3 3 3 3 3 3 3 3 0 3 3 0 3
split_gain=23830.1 12599.4 7059.89 2690.22 2019.28 1464.88 1191.97 816.463 593.803 657.802 495.893 458.925 422.386 407.755 385.935 277.425 236.682 230.595 200.912 195.987 186.807 179.634 128.859 117.567 115.925 111.52 111.263 104.706 101.329 145.62
threshold=13.897966861724855 3.5000000000000004 2.5000000000000004 1.5000000000000002 20.928581237792972 5.1152958869934091 6.3299012184143075 5.4064724445343026 20.304259300231937 4.5000000000000009 1.5000000000000002 2.5000000000000004 4.5000000000000009 2.5000000000000004 1.5000000000000002 4.5000000000000009 26.324682235717777 26.508056640625004 8.8980264663696307 9.8297333717346209 10.778295040130617 17.240183830261234 8.8980264663696307 9.6821069717407244 17.159157752990726 3.5000000000000004 2.1353662014007573 16.217699050903324 3.5000000000000004 24.508625984191898
decision_type=2 2 2 2 2 2 2 2 2 2 2 2 2 2 2 2 2 2 2 2 2 2 2 2 2 2 2 2 2 2
left_child=1 3 4 7 14 15 13 -1 9 21 16 23 19 -5 27 -3 -6 -12 -14 -7 -9 -4 -13 -8 -16 -23 -15 -2 29 -10
right_child=2 5 8 6 10 12 11 20 28 -11 17 22 18 26 24 -17 -18 -19 -20 -21 -22 25 -24 -25 -26 -27 -28 -29 -30 -31
leaf_value=0.49148028159545643 0.22029997359874637 0.12790329630862779 -0.078948428159498651 0.36128375414505748 0.025301362902368653 0.013766859475009399 0.24073271139247998 0.36348971987629797 -0.17791630871674069 -0.26570935008987301 -0.097842889334119498 0.13358521632706891 -0.092210644760893454 0.29675613509284127 0.090802092196648587 0.012689447940460275 -0.091072910455624004 -0.21656382688835488 -0.19447192925851323 -0.095381798813692659 0.26007934643162622 -0.12480046114860438 0.034308225830847569 0.15705523524702211 -0.0032629940900709728 -0.21634959363988759 0.20222927985878864 0.12671253257811221 -0.26740813443535255 -0.26504730696629997
leaf_weight=118 43 104 115 103 101 87 74 111 93 124 105 52 90 45 57 105 77 67 103 78 72 78 88 97 77 58 101 98 380 99
leaf_count=118 43 104 115 103 101 87 74 111 93 124 105 52 90 45 57 105 77 67 103 78 72 78 88 97 77 58 101 98 380 99
internal_value=1.85457e-10 0.147854 -0.13431 0.268378 -0.00388042 -0.0351628 0.203581 0.388929 -0.220391 -0.171493 -0.0835442 0.138309 -0.0965688 0.285106 0.0975098 0.0700207 -0.0250403 -0.144089 -0.146785 -0.0378307 0.322804 -0.124947 0.0711825 0.193267 0.0367498 -0.163843 0.231364 0.155253 -0.252449 -0.222843
internal_weight=3000 1428 1572 861 625 567 560 301 947 375 350 311 358 249 275 209 178 172 193 165 183 251 140 171 134 136 146 141 572 192
internal_count=3000 1428 1572 861 625 567 560 301 947 375 350 311 358 249 275 209 178 172 193 165 183 251 140 171 134 136 146 141 572 192
is_linear=0
shrinkage=0.05


Tree=17
num_leaves=31
num_cat=0
split_feature=3 0 0 0 3 3 3 3 0 0 3 0 0 0 0 0 3 3 3 3 3 3 3 3 3 3 3 3 3 3
split_gain=21512.5 12131.3 5485.34 2561.58 1540.04 1484.85 1289.07 901.111 468.484 458.905 452.158 435.546 367.999 364.656 355.861 337.662 161.62 160.864 159.877 148.149 142.868 142.067 141.319 128.598 122.374 121.311 116.347 102.627 102.438 100.415
threshold=14.883037090301515 3.5000000000000004 2.5000000000000004 1.5000000000000002 7.3709921836853036 23.209966659545902 6.3299012184143075 7.7976799011230478 1.5000000000000002 3.5000000000000004 23.07070350646973 2.5000000000000004 2.5000000000000004 4.5000000000000009 1.5000000000000002 4.5000000000000009 3.7451877593994145 12.446928024291994 2.6227082014083867 2.4892965555191044 9.9790482521057147 11.974534988403322 11.641199111938478 18.988677978515629 18.988677978515629 18.45958232879639 12.047929763793947 28.710180282592777 27.987103462219242 2.1353662014007573
decision_type=2 2 2 2 2 2 2 2 2 2 2 2 2 2 2 2 2 2 2 2 2 2 2 2 2 2 2 2 2 2
left_child=1 3 5 7 13 8 12 18 25 10 23 17 -5 16 28 26 -3 -8 -1 -15 -13 -17 -9 -4 -10 -2 -6 -16 -7 -14
right_child=2 4 9 6 15 14 11 22 24 -11 -12 20 29 19 27 21 -18 -19 -20 -21 -22 -23 -24 -25 -26 -27 -28 -29 -30 -31
leaf_value=0.50490274351151265 0.16685169435134439 0.14420896388093632 -0.062821299646581924 0.34321956819700966 -0.028590000626795432 -0.020115840499185855 0.20238700541081253 0.31518212124541567 0.052238008183204537 -0.24133275796838147 -0.23906046549479165 0.11361852806007518 0.28191834264331395 0.044459778872163347 -0.13959344356526557 -0.13971286482647458 0.040407871161897979 0.10562736569489871 0.40257523714327342 -0.055897357760389392 0.01727666239971402 -0.24024720974996983 0.22068615938935962 -0.14877693587995094 -0.039393645041797425 0.078793603426311171 -0.12191998741843485 -0.24115036998476302 -0.11320648989640177 0.19211781459795957
leaf_weight=61 66 75 70 103 85 90 135 91 57 578 126 69 45 60 86 113 75 63 102 95 87 51 70 115 101 96 55 35 44 101
leaf_count=61 66 75 70 103 85 90 135 91 57 578 126 69 45 60 86 113 75 63 102 95 87 51 70 115 101 96 55 35 44 101
internal_value=-7.36021e-10 0.130716 -0.137145 0.244609 -0.0426475 -0.0168028 0.183684 0.357998 0.0549225 -0.214982 -0.166008 0.122372 0.270851 0.0367331 -0.106811 -0.122289 0.0923084 0.1716 0.44087 -0.0170494 0.0598894 -0.170977 0.274097 -0.116253 -0.00633666 0.114669 -0.0652554 -0.168969 -0.0506829 0.219796
internal_weight=3000 1536 1464 927 609 575 603 324 320 889 311 354 249 305 255 304 150 198 163 155 156 164 161 185 158 162 140 121 134 146
internal_count=3000 1536 1464 927 609 575 603 324 320 889 311 354 249 305 255 304 150 198 163 155 156 164 161 185 158 162 140 121 134 146
is_linear=0
shrinkage=0.05


Tree=18
num_leaves=31
num_cat=0
split_feature=3 0 0 0 3 3 3 3 3 0 0 0 0 0 0 0 3 3 3 3 3 3 3 3 3 3 0 3 0 3
split_gain=19427.6 10113.4 6005.97 2190.26 1753.82 1153.48 922.746 621.026 505.133 566.053 407.886 404.369 355.162 351.289 308.561 225.018 199.302 190.413 156.657 142.398 140.876 136.241 104.428 102.563 100.351 89.06 86.7532 85.8311 84.3965 121.446
threshold=13.705627441406252 3.5000000000000004 2.5000000000000004 1.5000000000000002 20.928581237792972 5.1152958869934091 5.8921234607696542 5.4064724445343026 20.304259300231937 4.5000000000000009 2.5000000000000004 1.5000000000000002 1.5000000000000002 4.5000000000000009 2.5000000000000004 4.5000000000000009 25.463767051696781 26.324682235717777 8.8980264663696307 17.240183830261234 9.6821069717407244 9.4509568214416522 9.6821069717407244 8.8980264663696307 16.217699050903324 17.159157752990726 3.5000000000000004 1.4941371679306032 3.5000000000000004 24.508625984191898
decision_type=2 2 2 2 2 2 2 2 2 2 2 2 2 2 2 2 2 2 2 2 2 2 2 2 2 2 2 2 2 2
left_child=1 3 4 7 12 15 14 27 9 19 22 16 24 20 -5 -3 -6 -13 -15 -4 -7 -9 -8 -12 -2 -14 -21 -1 29 -10
right_child=2 5 8 6 11 13 10 21 28 -11 23 17 25 18 -16 -17 -18 -19 -20 26 -22 -23 -24 -25 -26 -27 -28 -29 -30 -31
leaf_value=0.50980098179408484 0.20030378997325898 0.11574491061126957 -0.072913371855620204 0.33215197223298093 0.034391485331807192 0.013824832704575624 0.2233304531818413 0.34240246749505765 -0.16027108035500973 -0.24076420491135964 0.11935979804644983 -0.086775396006437494 0.07814322991266115 -0.082942677500347298 0.2146943977534555 0.011982496741360852 -0.07175197661466276 -0.19386152575058599 -0.17387139418721198 -0.11271948349327805 -0.080192529941598589 0.25376898837478262 0.14617712302233585 0.033978054895997048 0.11437055811438027 -0.0027366910274926721 -0.19346547522421542 0.41644112374409137 -0.24197108933800149 -0.23984193001130616
leaf_weight=35 52 104 123 94 82 85 83 82 93 127 60 102 61 90 138 105 96 70 100 78 75 92 93 85 98 77 58 83 380 99
leaf_count=35 52 104 123 94 82 85 83 82 93 127 60 102 61 90 138 105 96 70 100 78 75 92 93 85 98 77 58 83 380 99
internal_value=7.30297e-10 0.13566 -0.11934 0.244807 -0.000484893 -0.0293304 0.186312 0.355587 -0.198494 -0.154297 0.131404 -0.0756842 0.0909032 -0.0848323 0.262285 0.0636155 -0.0228544 -0.130357 -0.1308 -0.111898 -0.0302458 0.295539 0.182562 0.0693084 0.144161 0.0330146 -0.147155 0.444133 -0.228319 -0.2013
internal_weight=3000 1404 1596 845 638 559 553 292 958 386 321 350 288 350 232 209 178 172 190 259 160 174 176 145 150 138 136 118 572 192
internal_count=3000 1404 1596 845 638 559 553 292 958 386 321 350 288 350 232 209 178 172 190 259 160 174 176 145 150 138 136 118 572 192
is_linear=0
shrinkage=0.05


Tree=19
num_leaves=31
num_cat=0
split_feature=3 0 0 0 3 3 3 3 0 3 0 0 0 0 0 0 3 3 0 3 3 3 3 3 3 3 3 3 0 3
split_gain=17539.8 9006.97 5778.25 1892.2 1746.97 968.474 717.295 503.071 561.525 496.255 364.943 341.391 337.751 319.072 241.669 203.078 179.87 174.379 150.359 122.89 105.408 104.778 99.952 96.7223 96.6378 85.9481 83.6977 80.7148 79.3902 112.725
threshold=13.257900714874269 3.5000000000000004 2.5000000000000004 1.5000000000000002 20.928581237792972 5.1152958869934091 4.9850897789001474 20.182231903076175 4.5000000000000009 5.4064724445343026 1.5000000000000002 1.5000000000000002 2.5000000000000004 4.5000000000000009 2.5000000000000004 4.5000000000000009 25.463767051696781 25.327569961547855 3.5000000000000004 8.8980264663696307 16.217699050903324 9.4509568214416522 9.6821069717407244 9.4509568214416522 17.159157752990726 17.012022018432621 8.8980264663696307 1.6073193550109866 3.5000000000000004 24.508625984191898
decision_type=2 2 2 2 2 2 2 2 2 2 2 2 2 2 2 2 2 2 2 2 2 2 2 2 2 2 2 2 2 2
left_child=1 3 4 9 11 15 14 8 18 -1 16 20 21 22 -5 27 -6 -12 25 -15 -2 -8 -7 -11 -13 -4 -14 -3 29 -9
right_child=2 5 7 6 10 13 12 28 -10 23 17 24 26 19 -16 -17 -18 -19 -20 -21 -22 -23 -24 -25 -26 -27 -28 -29 -30 -31
leaf_value=0.42192597429631118 0.1911535644903779 0.18252776967627662 -0.025321861382690259 0.3251856304705143 0.03267191108316183 0.013133590865661116 0.22101728964236475 -0.15180940665304662 -0.22980028769766636 0.32528234487626612 -0.074076509758717671 0.078272468650477461 0.11889859468905957 -0.0787955429016923 0.21317976900618829 0.011383371313540488 -0.06816437684416693 -0.17477259500938302 -0.14298109757364727 -0.16032802834322579 0.10865202947918857 0.14467956043522934 -0.068877554285537573 0.24800735823810102 -0.0025998559550612006 -0.10243312299969685 0.044173657016713837 0.08322131343332953 -0.22957247752647897 -0.22784983311036622
leaf_weight=118 64 28 64 80 82 85 93 96 129 82 87 71 77 90 121 105 96 85 128 95 98 87 66 80 77 83 73 76 385 99
leaf_count=118 64 28 64 80 82 85 93 96 129 82 87 71 77 90 121 105 96 85 128 95 98 87 66 80 77 83 73 76 385 99
internal_value=-9.11241e-12 0.13312 -0.1098 0.238757 0.00465738 -0.0240761 0.183298 -0.18657 -0.143734 0.343932 -0.0719 0.0910932 0.137944 -0.0766438 0.257759 0.0604347 -0.0217117 -0.123839 -0.10336 -0.120664 0.141245 0.184121 -0.0227123 0.287122 0.036197 -0.0688609 0.0825325 0.109958 -0.216407 -0.190415
internal_weight=3000 1356 1644 811 660 545 531 984 404 280 350 310 330 336 201 209 178 172 275 185 162 180 151 162 148 147 150 104 580 195
internal_count=3000 1356 1644 811 660 545 531 984 404 280 350 310 330 336 201 209 178 172 275 185 162 180 151 162 148 147 150 104 580 195
is_linear=0
shrinkage=0.05


Tree=20
num_leaves=31
num_cat=0
split_feature=3 0 0 0 3 3 3 3 0 0 3 0 0 0 0 0 3 3 3 3 3 3 3 3 3 3 3 3 3 3
split_gain=15832.3 8918.17 4036.22 1879.84 1148.03 1113.58 956.278 670.276 343.676 342.248 339.467 297.191 294.045 263.422 263.349 247.68 140.293 125.262 113.597 111.77 109.999 105.329 102.222 99.1098 98.6095 94.353 91.3966 87.4751 86.4242 83.5404
threshold=14.883037090301515 3.5000000000000004 2.5000000000000004 1.5000000000000002 6.429286241531373 23.209966659545902 7.4914550781250009 6.6921918392181405 1.5000000000000002 3.5000000000000004 22.6301383972168 4.5000000000000009 2.5000000000000004 2.5000000000000004 1.5000000000000002 4.5000000000000009 11.641199111938478 11.974534988403322 11.842049121856691 3.5236308574676518 2.9618983268737797 1.4941371679306032 1.2348309159278872 12.446928024291994 1.6073193550109866 18.867226600646976 19.507663726806644 18.988677978515629 12.894777297973635 27.987103462219242
decision_type=2 2 2 2 2 2 2 2 2 2 2 2 2 2 2 2 2 2 2 2 2 2 2 2 2 2 2 2 2 2
left_child=1 3 5 7 15 8 13 21 25 10 27 18 23 20 29 24 -9 -13 -6 -15 -5 -1 -17 -8 -3 -2 -10 -4 -14 -7
right_child=2 4 9 6 11 14 12 16 26 -11 -12 17 28 19 -16 22 -18 -19 -20 -21 -22 -23 -24 -25 -26 -27 -28 -29 -30 -31
leaf_value=0.4632146181379046 0.14099593783078129 0.17340137554066523 -0.051905977523752624 0.33952641301684916 -0.016214861738376832 -0.016483803628161695 0.16815622720095491 0.27796102525951627 0.039540271672295103 -0.20717882081192751 -0.19986161155360085 -0.11541302754550942 0.065058540303360529 0.22333488956093792 -0.14584396927933063 0.066804724010742375 0.1875719280753817 -0.20797573970813379 -0.10385419716737394 0.14099318147582168 0.24224000943870083 0.36340659525659352 -0.031071997576311811 0.089637876754360538 0.067470628081583509 0.064304121544459067 -0.03740918422424859 -0.12463379400496435 -0.025998594397013741 -0.10055034919218585
leaf_weight=35 73 28 70 45 102 90 111 111 67 578 140 129 102 80 121 36 70 51 58 85 82 108 103 63 102 89 91 101 35 44
leaf_count=35 73 28 70 45 102 90 111 111 67 578 140 129 102 80 121 36 70 51 58 85 82 108 103 63 102 89 91 101 35 44
internal_value=-1.74649e-09 0.112139 -0.117654 0.209791 -0.0365036 -0.0144246 0.157599 0.306926 0.0476898 -0.184422 -0.142129 -0.0975662 0.096587 0.222581 -0.0923721 0.0406758 0.243004 -0.141639 -0.0479841 0.180916 0.276712 0.387835 -0.00572263 0.139727 0.0902865 0.0988628 -0.00477872 -0.0948622 0.0417958 -0.0440877
internal_weight=3000 1536 1464 927 609 575 603 324 320 889 311 340 311 292 255 269 181 180 160 165 127 143 139 174 130 162 158 171 137 134
internal_count=3000 1536 1464 927 609 575 603 324 320 889 311 340 311 292 255 269 181 180 160 165 127 143 139 174 130 162 158 171 137 134
is_linear=0
shrinkage=0.05


Tree=21
num_leaves=31
num_cat=0
split_feature=3 0 0 0 3 3 3 3 0 3 3 0 0 0 0 0 0 3 3 3 3 3 3 3 0 3 0 0 3 0
split_gain=14292.4 7337.95 4703.42 1541.73 1428.19 804.62 593.424 422.299 474.72 410.749 301.943 289.674 278.087 273.14 198.486 183.311 166.854 119.024 109.96 96.0868 93.5537 92.3365 87.255 86.8603 85.3947 79.5691 69.1684 63.6683 93.1499 63.6208
threshold=13.257900714874269 3.5000000000000004 2.5000000000000004 1.5000000000000002 20.928581237792972 4.5510237216949472 4.5510237216949472 20.304259300231937 4.5000000000000009 4.9850897789001474 27.831704139709476 4.5000000000000009 1.5000000000000002 2.5000000000000004 1.5000000000000002 2.5000000000000004 4.5000000000000009 17.240183830261234 9.1587767601013201 9.2803268432617205 9.6821069717407244 9.4509568214416522 16.850616455078129 8.8980264663696307 1.5000000000000002 17.159157752990726 3.5000000000000004 3.5000000000000004 24.508625984191898 3.5000000000000004
decision_type=2 2 2 2 2 2 2 2 2 2 2 2 2 2 2 2 2 2 2 2 2 2 2 2 2 2 2 2 2 2
left_child=1 3 4 9 12 16 15 8 17 -1 14 20 22 19 -6 -5 -3 26 -13 -8 -7 -11 -2 -15 -12 -14 -4 28 -9 -19
right_child=2 5 7 6 10 11 13 27 -10 21 24 18 25 23 -16 -17 -18 29 -20 -21 -22 -23 -24 -25 -26 -27 -28 -29 -30 -31
leaf_value=0.38687578505939912 0.1651784076343609 0.11137235076063211 -0.026598326190530014 0.29888872858640314 0.0068767063806836424 0.013755705419250511 0.20417383982128998 -0.13677711731964542 -0.20795180504069186 0.29662611186504367 -0.091906298479686177 -0.072663163404379574 0.070935349991466376 0.11273341118358077 -0.081917240706913669 0.19710908897898416 0.016846255588191607 -0.09698720218088383 -0.14843894618732686 0.13229926253759092 -0.063095884502046937 0.22317776151001453 0.09176588817611786 0.038961517898850655 -0.1852731620669365 -0.0024481897327032955 -0.095904586792716559 -0.20803497019566985 -0.20646425997368012 -0.16613491213527221
leaf_weight=108 79 90 72 74 130 99 93 93 132 92 48 105 71 88 122 110 97 78 88 93 66 80 83 73 50 77 72 380 99 58
leaf_count=108 79 90 72 74 130 99 93 93 132 92 48 105 71 88 122 110 97 78 88 93 66 80 83 73 50 77 72 380 99 58
internal_value=6.02651e-10 0.120166 -0.0991154 0.215515 0.0041492 -0.0217196 0.165455 -0.168378 -0.129783 0.310451 -0.0650717 -0.0656279 0.0823018 0.126965 -0.0361108 0.238042 0.0623401 -0.0929323 -0.107214 0.168237 -0.0169849 0.262464 0.127566 0.079284 -0.139542 0.0327561 -0.0612515 -0.196177 -0.17271 -0.126477
internal_weight=3000 1356 1644 811 660 545 531 984 412 280 350 358 310 347 252 184 187 280 193 186 165 172 162 161 98 148 144 572 192 136
internal_count=3000 1356 1644 811 660 545 531 984 412 280 350 358 310 347 252 184 187 280 193 186 165 172 162 161 98 148 144 572 192 136
is_linear=0
shrinkage=0.05


Tree=22
num_leaves=31
num_cat=0
split_feature=3 0 0 0 3 3 3 3 0 0 3 0 0 0 0 0 3 3 3 3 3 3 3 3 3 3 3 3 3 0
split_gain=12901.5 7265.52 3286.56 1531.48 942.681 923.686 786.043 551.736 279.844 278.581 280.331 263.144 256.436 225.528 214.628 177.227 146.822 123.944 111.199 100.627 92.3398 81.7449 78.8427 77.2732 75.6012 75.2622 74.4036 73.8702 70.3812 103.602
threshold=14.883037090301515 3.5000000000000004 2.5000000000000004 1.5000000000000002 5.8921234607696542 23.209966659545902 6.3299012184143075 9.1587767601013201 1.5000000000000002 3.5000000000000004 23.07070350646973 4.5000000000000009 2.5000000000000004 2.5000000000000004 1.5000000000000002 4.5000000000000009 2.6227082014083867 10.506052494049074 11.150726318359377 11.51478433609009 11.046566963195803 18.988677978515629 2.1353662014007573 18.016186714172367 18.330850601196293 28.802375793457035 1.6073193550109866 1.2348309159278872 18.016186714172367 4.5000000000000009
decision_type=2 2 2 2 2 2 2 2 2 2 2 2 2 2 2 2 2 2 2 2 2 2 2 2 2 2 2 2 2 2
left_child=1 3 5 7 15 8 13 16 23 10 21 18 19 -5 -7 26 -1 -13 -6 -8 -14 -4 -15 -2 -10 -16 -3 -17 29 -11
right_child=2 4 9 6 11 14 12 -9 24 28 -12 17 20 22 25 27 -18 -19 -20 -21 -22 -23 -24 -25 -26 -27 -28 -29 -30 -31
leaf_value=0.39468342437118786 0.13531787363907039 0.159162694641522 -0.046522707379855484 0.26698193035079437 -0.0041391198514029387 -0.040457943734824107 0.16502897526947 0.19733759876627188 0.050136469555613787 -0.10249528206207537 -0.18582047145991099 -0.089854300571605566 0.080255715469618072 0.22540651400883993 -0.10867510296069505 0.062622173813482132 0.30099727731002007 -0.17089549926109615 -0.085306457002736535 0.093505577593632455 0.0026790931779781687 -0.11505388919992939 0.14583452430249441 0.063555417184546159 -0.02599689102701502 -0.19808409255929293 0.065711293177904168 -0.022398176965494218 -0.19539924617261015 -0.19999198140921418
leaf_weight=61 59 28 70 103 100 134 107 130 46 55 126 115 88 45 89 36 133 80 73 91 68 115 101 103 112 32 89 88 469 54
leaf_count=61 59 28 70 103 100 134 107 130 46 55 126 115 88 45 89 36 133 80 73 91 68 115 101 103 112 32 89 88 469 54
internal_value=8.98798e-10 0.101229 -0.106207 0.18937 -0.0329359 -0.0130566 0.142261 0.277044 0.0435143 -0.166457 -0.1283 -0.0832776 0.0943836 0.210328 -0.0840476 0.0439345 0.330455 -0.123102 -0.0383889 0.132157 0.0464403 -0.0891232 0.17036 0.0896911 -0.00383148 -0.13232 0.0880757 0.00228515 -0.186988 -0.150796
internal_weight=3000 1536 1464 927 609 575 603 324 320 889 311 368 354 249 255 241 194 195 173 198 156 185 146 162 158 121 117 124 578 109
internal_count=3000 1536 1464 927 609 575 603 324 320 889 311 368 354 249 255 241 194 195 173 198 156 185 146 162 158 121 117 124 578 109
is_linear=0
shrinkage=0.05


Tree=23
num_leaves=31
num_cat=0
split_feature=3 0 0 0 3 3 3 3 0 3 0 0 0 0 0 0 3 3 3 3 3 3 3 3 3 3 0 0 3 0
split_gain=11672.7 5983.01 3825.89 1258.01 1168.73 661.652 490.357 345.012 389.481 338.576 279.308 239.68 234.577 213.483 165.92 136.569 97.6118 96.9178 96.8295 96.1238 93.9614 91.1358 76.996 72.1628 71.3133 56.0749 56.0718 51.802 77.8113 50.8853
threshold=13.257900714874269 3.5000000000000004 2.5000000000000004 1.5000000000000002 21.983969688415531 4.5510237216949472 5.1152958869934091 20.304259300231937 4.5000000000000009 4.9850897789001474 1.5000000000000002 2.5000000000000004 4.5000000000000009 1.5000000000000002 2.5000000000000004 4.5000000000000009 18.199973106384281 26.836229324340824 17.240183830261234 28.710180282592777 17.731180191040043 8.8980264663696307 9.6821069717407244 9.4509568214416522 9.4509568214416522 1.2348309159278872 3.5000000000000004 3.5000000000000004 24.508625984191898 3.5000000000000004
decision_type=2 2 2 2 2 2 2 2 2 2 2 2 2 2 2 2 2 2 2 2 2 2 2 2 2 2 2 2 2 2
left_child=1 3 4 9 10 15 14 8 18 25 20 24 22 17 -5 -3 -12 -6 26 -15 -2 -14 -7 -11 -8 -1 -4 28 -9 -20
right_child=2 5 7 6 13 12 11 27 -10 23 16 -13 21 19 -16 -17 -18 -19 29 -21 -22 -23 -24 -25 -26 -27 -28 -29 -30 -31
leaf_value=0.40793004512786868 0.14220363881071343 0.10106448121782807 -0.024001480463650499 0.26613981902599332 0.0064323521409691735 0.012322370827931799 0.18019760878336044 -0.12315831037779008 -0.18795947592818377 0.26708295708117274 0.057139825710463665 0.0633792503980984 -0.06293281579808313 -0.089553007932363066 0.17406898282823111 0.015546154926444606 -0.017764204289150341 -0.073044070973992348 -0.087659125163769114 -0.18458425853933608 0.070705139343469836 -0.13165839107327262 -0.057397498338920716 0.20215199150145058 0.11721938810653815 0.32749264362530833 -0.086402377191310137 -0.1878632563823148 -0.18685001712856872 -0.14949982107199472
leaf_weight=30 95 90 72 80 88 99 93 93 132 92 86 145 98 111 126 97 88 68 78 35 89 95 66 80 87 78 72 380 99 58
leaf_count=30 95 90 72 80 88 99 93 93 132 92 86 145 98 111 126 97 88 68 78 35 89 95 66 80 87 78 72 380 99 58
internal_value=8.15215e-10 0.108597 -0.0895724 0.194694 0.00356227 -0.019522 0.149473 -0.152041 -0.117156 0.28045 0.0646728 0.11122 -0.0593388 -0.0688801 0.209825 0.0567047 0.0192573 -0.0282112 -0.0837767 -0.112334 0.10762 -0.0967615 -0.0155656 0.236883 0.149758 0.349836 -0.0552019 -0.177168 -0.155999 -0.114032
internal_weight=3000 1356 1644 811 660 545 531 984 412 280 358 325 358 302 206 187 174 156 280 146 184 193 165 172 180 108 144 572 192 136
internal_count=3000 1356 1644 811 660 545 531 984 412 280 358 325 358 302 206 187 174 156 280 146 184 193 165 172 180 108 144 572 192 136
is_linear=0
shrinkage=0.05


Tree=24
num_leaves=31
num_cat=0
split_feature=3 0 0 3 0 3 3 3 0 3 3 0 0 0 0 0 0 0 0 3 3 3 3 0 3 3 3 3 3 3
split_gain=10539.6 5070.78 3879 1228.62 1065.22 502.923 379.485 347.932 402.8 324.459 261.181 209.258 197.28 151.191 144.751 135.97 123.308 123.253 112.417 75.8407 56.8995 54.4248 50.6076 48.4583 72.6965 46.96 44.6114 44.2773 43.7383 41.5428
threshold=12.30764961242676 3.5000000000000004 2.5000000000000004 19.507663726806644 1.5000000000000002 4.5510237216949472 4.5510237216949472 20.182231903076175 4.5000000000000009 25.327569961547855 4.9850897789001474 4.5000000000000009 2.5000000000000004 1.5000000000000002 1.5000000000000002 2.5000000000000004 1.5000000000000002 4.5000000000000009 3.5000000000000004 16.376976013183597 8.7911109924316424 8.8980264663696307 1.2348309159278872 3.5000000000000004 25.184744834899906 18.016186714172367 9.4509568214416522 0.76883831620216381 9.2803268432617205 16.109698295593265
decision_type=2 2 2 2 2 2 2 2 2 2 2 2 2 2 2 2 2 2 2 2 2 2 2 2 2 2 2 2 2 2
left_child=1 4 3 14 10 17 15 8 18 13 22 -7 28 -5 29 -6 -11 -3 19 -4 -13 -14 -1 24 -9 -20 -12 -19 -8 -2
right_child=2 5 7 9 6 11 12 23 -10 16 26 20 21 -15 -16 -17 -18 27 25 -21 -22 -23 -24 -25 -26 -27 -28 -29 -30 -31
leaf_value=0.38753353754679365 0.15152851453462204 0.09601125876626207 -0.0066511848292341736 0.035841023047333179 0.25728820369050309 -0.0052595627103776982 0.17483699593332508 -0.12104047970460341 -0.17833597522515518 -0.055363633633260183 0.25372881383999535 -0.059111491302610376 0.097567337666722875 -0.043297967165121881 0.054410647618480856 0.16963084705851295 -0.13805510266957915 0.073684469362099977 -0.091503188780375888 -0.076578265850610561 -0.11564109456018512 0.035810913484698781 0.31111800777606474 -0.17819088250011594 -0.18269189244934492 -0.15636897838037267 0.19961700641191923 -0.00460067304004341 0.12161565119626397 0.097687115075428099
leaf_weight=30 77 90 66 115 74 150 93 111 143 96 92 96 88 127 135 110 85 24 105 94 83 60 78 385 84 38 65 73 66 67
leaf_count=30 77 90 66 115 74 150 93 111 143 96 92 96 88 127 135 110 85 24 105 94 83 60 78 385 84 38 65 73 66 67
internal_value=-6.68796e-11 0.109232 -0.0804068 0.0101588 0.191708 -0.0116051 0.148105 -0.142373 -0.109169 -0.043562 0.272496 -0.0488202 0.114075 -0.0056906 0.0916063 0.204884 -0.0941966 0.0538695 -0.0765254 -0.0477333 -0.0853235 0.0725309 0.332345 -0.167905 -0.147598 -0.10874 0.231326 0.0147688 0.152745 0.126477
internal_weight=3000 1272 1728 702 756 516 491 1026 446 423 265 329 307 242 279 184 181 187 303 160 179 148 108 580 195 143 157 97 159 144
internal_count=3000 1272 1728 702 756 516 491 1026 446 423 265 329 307 242 279 184 181 187 303 160 179 148 108 580 195 143 157 97 159 144
is_linear=0
shrinkage=0.05


Tree=25
num_leaves=31
num_cat=0
split_feature=3 0 0 0 3 3 3 3 0 0 0 0 3 0 0 0 3 3 3 3 3 3 3 3 3 3 3 3 3 3
split_gain=9525.51 5503.46 2327.8 1148.88 746.187 641.556 616.551 437.217 201.213 198.136 192.353 180.67 175.879 156.174 140.959 133.126 99.0514 95.7653 93.8594 88.7716 77.2608 73.7252 68.8545 68.0872 62.9726 50.7445 46.8654 46.0998 42.4655 41.919
threshold=15.465318679809572 3.5000000000000004 2.5000000000000004 1.5000000000000002 7.8847513198852548 24.39137172698975 7.2878193855285653 8.6127552986145037 1.5000000000000002 4.5000000000000009 2.5000000000000004 3.5000000000000004 23.667140960693363 2.5000000000000004 4.5000000000000009 1.5000000000000002 1.8386867046356203 1.8386867046356203 20.377864837646488 2.9618983268737797 2.0192620754241948 2.1353662014007573 12.047929763793947 12.047929763793947 11.641199111938478 11.046566963195803 28.802375793457035 27.987103462219242 19.425593376159672 19.507663726806644
decision_type=2 2 2 2 2 2 2 2 2 2 2 2 2 2 2 2 2 2 2 2 2 2 2 2 2 2 2 2 2 2
left_child=1 3 5 7 9 8 13 17 18 19 23 12 28 20 -6 27 -11 -1 -2 -3 -5 -15 -16 -8 -9 -12 -17 -7 -4 -10
right_child=2 4 11 6 14 15 10 24 29 16 25 -13 -14 21 22 26 -18 -19 -20 -21 -22 -23 -24 -25 -26 -27 -28 -29 -30 -31
leaf_value=0.34888413747151698 0.098889962357885039 0.11175143237092666 -0.054284080718126564 0.29261032563668715 -0.051841743882010939 -0.016209265188528939 0.13489173473181013 0.20555721458635834 0.02188187955568234 0.048276437332176347 0.062726334974522124 -0.16279806832129162 -0.16265036466921498 0.19695119066370859 -0.096524202724571767 -0.099916199898641367 -0.038773826352415941 0.26624386007969197 0.026607639855856815 0.03379869914580403 0.19653390889526698 0.12146233060518685 -0.16634768228288052 0.074748348719662142 0.14140090082179418 0.0049269845446523949 -0.1720479191048071 -0.082484232294584889 -0.10350182235373982 -0.031468121614307169
leaf_weight=48 94 56 72 27 142 65 107 76 57 44 74 557 117 45 102 76 127 130 86 105 93 115 54 84 77 78 32 44 112 104
leaf_count=48 94 56 72 27 142 65 107 76 57 44 74 557 117 45 102 76 127 130 86 105 93 115 54 84 77 78 32 44 112 104
internal_value=1.78399e-10 0.0842379 -0.0942322 0.159975 -0.0304491 -0.0147376 0.11998 0.235252 0.0280308 0.0211049 0.0750389 -0.145932 -0.11472 0.175033 -0.0878851 -0.081945 -0.0163749 0.288529 0.0643551 0.0609127 0.218151 0.142694 -0.120694 0.108441 0.173269 0.0330661 -0.121289 -0.0429625 -0.0842427 -0.0125802
internal_weight=3000 1584 1416 954 630 558 623 331 341 332 343 858 301 280 298 217 171 178 180 161 120 160 156 191 153 152 108 109 184 161
internal_count=3000 1584 1416 954 630 558 623 331 341 332 343 858 301 280 298 217 171 178 180 161 120 160 156 191 153 152 108 109 184 161
is_linear=0
shrinkage=0.05


Tree=26
num_leaves=31
num_cat=0
split_feature=3 0 0 3 0 3 3 0 3 3 3 0 0 0 0 0 3 0 0 3 3 3 0 3 0 3 3 3 3 2
split_gain=8602.63 4023.54 3242.68 1058.69 850.214 385.87 325.836 345.862 298.635 199.206 196.339 166.673 163.509 157.263 122.602 103.321 106.772 99.7877 93.0318 85.9858 72.5593 66.2814 65.1639 58.5276 48.9433 41.7614 38.6252 38.5079 36.6366 31.5955
threshold=11.974534988403322 3.5000000000000004 2.5000000000000004 20.928581237792972 1.5000000000000002 4.5510237216949472 18.016186714172367 4.5000000000000009 2.9618983268737797 4.9850897789001474 27.831704139709476 2.5000000000000004 4.5000000000000009 1.5000000000000002 1.5000000000000002 3.5000000000000004 24.508625984191898 4.5000000000000009 3.5000000000000004 15.90405321121216 8.8980264663696307 16.217699050903324 2.5000000000000004 6.1568281650543222 1.5000000000000002 1.2348309159278872 8.7911109924316424 1.6073193550109866 0.76883831620216381 905.52285766601574
decision_type=2 2 2 2 2 2 2 2 2 2 2 2 2 2 2 2 2 2 2 2 2 2 2 2 2 2 2 2 2 2
left_child=1 4 3 13 9 17 7 18 22 25 14 23 -7 21 -5 16 -8 27 -4 -15 -13 -2 -6 -10 -12 -1 -14 -3 -19 -11
right_child=2 5 6 10 8 12 15 -9 11 29 24 20 26 19 -16 -17 -18 28 -20 -21 -22 -23 -24 -25 -26 -27 -28 -29 -30 -31
leaf_value=0.35071264902750654 0.13568281191455966 0.13576319589379379 -0.015804220042104408 0.0061073306525269381 0.25537617127100626 -0.0023819875368719986 -0.094482978576016202 -0.15953971048196158 0.19372141728034387 0.26559953585914942 -0.075019632900754613 0.10065931343363928 -0.053555503536093368 0.072662265816082566 -0.063678475558666181 -0.15943746755181601 -0.16070746187910889 0.067586423332492512 -0.0812870514185422 0.0041061423002912477 0.030726225064683928 0.075347860723885954 0.17633318801320369 0.13081718628236558 -0.14570413517951966 0.28129636989190032 -0.10144468449552856 0.065116633174400182 -0.0036244177527419508 0.20194897601613776
leaf_weight=30 85 28 107 130 45 145 158 105 52 23 48 136 96 90 122 469 99 24 110 93 51 98 62 128 50 78 75 62 73 128
leaf_count=30 85 28 107 130 45 145 158 105 52 23 48 136 96 90 122 469 99 24 110 93 51 98 62 128 50 78 75 62 73 128
internal_value=-6.49621e-10 0.10115 -0.0708737 0.0111419 0.17588 -0.00775144 -0.126907 -0.0850444 0.136075 0.248729 -0.0510313 0.114645 -0.0414401 0.0705973 -0.0276779 -0.145475 -0.119994 0.049177 -0.0489983 0.0378223 0.0815867 0.103372 0.209576 0.14899 -0.111083 0.300579 -0.0745595 0.0870956 0.0139948 0.211644
internal_weight=3000 1236 1764 716 733 503 1048 322 474 259 350 367 316 366 252 726 257 187 217 183 187 183 107 180 98 108 171 90 97 151
internal_count=3000 1236 1764 716 733 503 1048 322 474 259 350 367 316 366 252 726 257 187 217 183 187 183 107 180 98 108 171 90 97 151
is_linear=0
shrinkage=0.05


Tree=27
num_leaves=31
num_cat=0
split_feature=3 0 0 0 3 3 3 3 0 3 0 0 0 0 0 0 3 3 3 3 3 3 3 3 3 3 3 3 3 3
split_gain=7773.23 3977.8 2535.23 830.431 796.895 446.342 334.302 235.401 264.509 230.595 207.968 162.786 132.44 124.204 108.296 106.131 77.011 69.797 64.1547 61.5704 52.7266 52.3128 48.8549 48.687 45.0792 44.3372 43.8441 42.7002 37.542 36.1558
threshold=13.257900714874269 3.5000000000000004 2.5000000000000004 1.5000000000000002 22.6301383972168 5.8921234607696542 5.1152958869934091 20.304259300231937 4.5000000000000009 5.4064724445343026 1.5000000000000002 2.5000000000000004 4.5000000000000009 1.5000000000000002 2.5000000000000004 4.5000000000000009 17.82822418212891 17.39902496337891 17.240183830261234 28.710180282592777 1.6073193550109866 26.836229324340824 9.2803268432617205 1.2348309159278872 10.778295040130617 10.506052494049074 9.8297333717346209 1.2348309159278872 1.6801459789276125 2.0192620754241948
decision_type=2 2 2 2 2 2 2 2 2 2 2 2 2 2 2 2 2 2 2 2 2 2 2 2 2 2 2 2 2 2
left_child=1 3 4 9 10 15 14 8 18 27 17 22 24 21 28 20 -12 -2 -4 -15 -3 -6 -8 -17 -7 -11 -14 -1 -5 -16
right_child=2 5 7 6 13 12 11 -9 -10 25 16 -13 26 19 29 23 -18 -19 -20 -21 -22 -23 -24 -25 -26 -27 -28 -29 -30 -31
leaf_value=0.33317701021830243 0.11923825624505935 0.12897503732570581 -0.044364520186920553 0.26821318531036376 -0.00093027722550096444 0.00059928526451995419 0.14918866366490552 -0.14470175945524036 -0.15348013036207042 0.20983350656780542 0.048458781326764531 0.051069729717303836 -0.064009724435102389 -0.075820960636250684 0.18090377320491136 0.051727990940627126 -0.016565120435776549 0.059060739125642518 -0.092250974728342372 -0.15287382168429239 0.050306027074961845 -0.061111094714964148 0.097062098169486521 -0.017295140637063677 -0.059702223495510902 0.15566637440274159 -0.1159481502964463 0.26410155154087328 0.19431693814017559 0.12408654697328098
leaf_weight=30 87 28 144 25 77 91 87 572 132 102 81 145 95 100 42 36 104 108 136 35 89 68 93 88 47 60 71 88 55 84
leaf_count=30 87 28 144 25 77 91 87 572 132 102 81 145 95 100 42 36 104 108 136 35 89 68 93 88 47 60 71 88 55 84
internal_value=4.01662e-10 0.0886199 -0.0730953 0.158822 0.00271941 -0.0158458 0.122082 -0.123947 -0.0951311 0.228497 0.0498807 0.0904963 -0.0561339 -0.0612852 0.171913 0.0349742 0.0119048 0.0859092 -0.0676237 -0.0957976 0.0691328 -0.029153 0.122257 0.00274383 -0.0199382 0.189772 -0.0862244 0.281663 0.21741 0.143026
internal_weight=3000 1356 1644 811 660 545 531 984 412 280 380 325 304 280 206 241 185 195 280 135 117 145 180 124 138 162 166 118 80 126
internal_count=3000 1356 1644 811 660 545 531 984 412 280 380 325 304 280 206 241 185 195 280 135 117 145 180 124 138 162 166 118 80 126
is_linear=0
shrinkage=0.05


Tree=28
num_leaves=31
num_cat=0
split_feature=3 0 0 3 0 3 3 0 3 3 3 0 0 0 0 0 0 3 0 3 0 3 3 3 3 1 3 3 3 3
split_gain=7023.74 3358.54 2579.01 827.814 704.653 340.494 259.231 241.89 252.516 190.199 177.837 141.918 141.16 132.132 89.2999 81.646 72.549 70.0625 102.659 69.0994 64.5768 52.4852 51.0282 41.0442 38.0648 35.1784 34.728 33.8452 32.179 31.4587
threshold=12.30764961242676 3.5000000000000004 2.5000000000000004 20.377864837646488 1.5000000000000002 4.5510237216949472 3.7451877593994145 3.5000000000000004 19.425593376159672 26.324682235717777 4.9850897789001474 2.5000000000000004 4.5000000000000009 1.5000000000000002 1.5000000000000002 4.5000000000000009 2.5000000000000004 18.745632171630863 4.5000000000000009 25.184744834899906 1.5000000000000002 15.90405321121216 8.8980264663696307 9.2803268432617205 8.7911109924316424 165369.53125000003 16.109698295593265 1.2348309159278872 9.1587767601013201 1.2348309159278872
decision_type=2 2 2 2 2 2 2 2 2 2 2 2 2 2 2 2 2 2 2 2 2 2 2 2 2 2 2 2 2 2
left_child=1 4 3 13 10 15 16 8 -4 14 27 23 -7 26 -5 29 -6 18 -9 -10 -11 -15 -13 -8 -14 -16 -2 -1 -12 -3
right_child=2 5 7 9 6 12 11 17 19 20 28 22 24 21 25 -17 -18 -19 -20 -21 -22 -23 -24 -25 -26 -27 -28 -29 -30 -31
leaf_value=0.31651816169420877 0.12408482117409057 0.13097286859357901 -0.025938376410317328 0.017331970180779446 0.22225587761827878 -0.0040148226404562596 0.14781294506177442 -0.078909229678970016 -0.093163974655406753 -0.0542867558972015 0.20859601317450058 0.085352844337286821 -0.048334165339474572 0.063182018690447247 0.011488005073498125 0.012878937376951128 0.14895793501068563 -0.14545414733333825 -0.14589519722236169 -0.15015432476731283 -0.12064158056995698 0.0055049421366818842 0.028299219088318447 0.098022150976414035 -0.094570518401731932 -0.057358511046913918 0.077463378875126443 0.25402647509024695 0.16311522919002552 0.062187557553817691
leaf_weight=30 77 22 126 118 56 150 111 118 145 77 86 113 96 82 23 97 85 442 111 84 70 76 60 66 83 96 83 78 71 68
leaf_count=30 77 22 126 118 56 150 111 118 145 77 86 113 96 82 23 97 85 442 111 84 70 76 60 66 83 96 83 78 71 68
internal_value=1.22383e-10 0.0891707 -0.0656395 0.00820695 0.156293 -0.00917101 0.120829 -0.116166 -0.0827887 -0.0412032 0.222 0.0977701 -0.0397923 0.067872 -0.0134895 0.0447027 0.178069 -0.133825 -0.111378 -0.114069 -0.0858843 0.0354386 0.0655655 0.129247 -0.0697734 -0.044052 0.0998999 0.271385 0.188028 0.0790017
internal_weight=3000 1272 1728 702 756 516 491 1026 355 384 265 350 329 318 237 187 141 671 229 229 147 158 173 177 179 119 160 108 157 90
internal_count=3000 1272 1728 702 756 516 491 1026 355 384 265 350 329 318 237 187 141 671 229 229 147 158 173 177 179 119 160 108 157 90
is_linear=0
shrinkage=0.05


Tree=29
num_leaves=31
num_cat=0
split_feature=3 0 0 0 3 3 3 3 0 0 0 0 3 0 0 0 3 3 3 3 3 3 3 3 3 3 3 3 3 3
split_gain=6346.54 3659.85 1551.61 755.751 508.424 443.522 417.288 299.516 138.47 136.625 131.817 126.033 122.977 101.818 90.5439 88.2854 72.5177 64.2115 61.2407 58.8242 56.7753 52.7369 46.8949 45.9295 39.6935 37.3328 32.321 32.3037 28.2822 25.7258
threshold=15.465318679809572 3.5000000000000004 2.5000000000000004 1.5000000000000002 7.8847513198852548 24.39137172698975 5.8921234607696542 7.7976799011230478 2.5000000000000004 4.5000000000000009 1.5000000000000002 3.5000000000000004 23.07070350646973 2.5000000000000004 1.5000000000000002 4.5000000000000009 2.4892965555191044 20.377864837646488 9.6821069717407244 1.6073193550109866 1.4941371679306032 11.641199111938478 12.047929763793947 9.9790482521057147 2.0192620754241948 1.6801459789276125 27.987103462219242 28.802375793457035 19.507663726806644 12.047929763793947
decision_type=2 2 2 2 2 2 2 2 2 2 2 2 2 2 2 2 2 2 2 2 2 2 2 2 2 2 2 2 2 2
left_child=1 3 5 7 9 10 13 20 18 19 17 12 -4 25 26 29 -11 -2 -8 -3 -1 -9 -17 -10 -15 -5 -7 -16 -12 -6
right_child=2 4 11 6 15 14 8 21 23 16 28 -13 -14 24 27 22 -18 -19 -20 -21 -22 -23 -24 -25 -26 -27 -28 -29 -30 -31
leaf_value=0.29629414149693084 0.081509535805510486 0.11671462796096291 -0.065939317998210234 0.24368973350524903 -0.023250352521426976 -0.01334558689680237 0.12695643709613436 0.17049485838020242 0.062165871465748007 0.030953771543378635 0.018981408528379054 -0.13321327199453833 -0.13072222188883831 0.16441069014725232 -0.082598450837509815 -0.078194594078277266 -0.037272684083546739 0.02172352829162941 0.072301627873484764 0.036978288646087168 0.22443125813733789 0.11427160422620063 -0.13581789505961181 0.01044577549250086 0.10613207553979009 0.17237412206612635 -0.068839149140033196 -0.14248454589396717 -0.02483988636477779 -0.065852154396912638
leaf_weight=35 94 28 175 25 74 65 83 91 77 60 57 557 126 42 76 102 111 86 134 133 128 77 54 97 96 69 44 32 104 68
leaf_count=35 94 28 175 25 74 65 83 91 77 60 57 557 126 42 76 102 111 86 134 133 128 77 54 97 96 69 44 32 104 68
internal_value=1.79621e-10 0.0687594 -0.0769173 0.130521 -0.0247657 -0.0120155 0.0980831 0.191575 0.0665622 0.0177894 0.0235446 -0.119126 -0.0930577 0.151207 -0.0678957 -0.0721761 -0.0133336 0.0529451 0.0932065 0.0508455 0.239862 0.144726 -0.0981411 0.0333334 0.123869 0.191341 -0.0357467 -0.100342 -0.00932551 -0.0436512
internal_weight=3000 1584 1416 954 630 558 623 331 391 332 341 858 301 232 217 298 171 180 217 161 163 168 156 174 138 94 109 108 161 142
internal_count=3000 1584 1416 954 630 558 623 331 391 332 341 858 301 232 217 298 171 180 217 161 163 168 156 174 138 94 109 108 161 142
is_linear=0
shrinkage=0.05


Tree=30
num_leaves=31
num_cat=0
split_feature=3 0 0 3 0 3 3 0 3 3 3 0 0 0 0 0 0 0 0 3 3 0 3 3 2 2 3 3 1 3
split_gain=5732.24 2670.13 2149.94 708.117 563.466 263.008 222.621 245.693 203.88 187.356 134.971 111.529 107.394 81.9286 79.2033 77.2032 67.1671 66.4729 58.2868 64.3031 50.6836 43.3467 39.9632 28.7091 27.8087 27.5084 27.1828 26.6239 26.4831 26.3286
threshold=11.974534988403322 3.5000000000000004 2.5000000000000004 19.507663726806644 1.5000000000000002 4.5510237216949472 18.988677978515629 4.5000000000000009 2.9618983268737797 25.327569961547855 4.9850897789001474 2.5000000000000004 4.5000000000000009 1.5000000000000002 3.5000000000000004 1.5000000000000002 4.5000000000000009 1.5000000000000002 3.5000000000000004 24.508625984191898 5.1152958869934091 2.5000000000000004 6.1568281650543222 0.76883831620216381 905.52285766601574 3270.5729980468755 1.2348309159278872 14.075252532958986 165369.53125000003 15.90405321121216
decision_type=2 2 2 2 2 2 2 2 2 2 2 2 2 2 2 2 2 2 2 2 2 2 2 2 2 2 2 2 2 2
left_child=1 4 3 15 10 16 7 14 21 13 26 22 -7 -5 -4 25 -3 -11 19 -8 -13 -6 -10 -18 -12 27 -1 -2 -15 -17
right_child=2 5 6 9 8 12 18 -9 11 17 24 20 -14 28 -16 29 23 -19 -20 -21 -22 -23 -24 -25 -26 -27 -28 -29 -30 -31
leaf_value=0.28587755123774211 0.15107023685142912 0.071962399112267636 -0.015535296586236154 0.026895214223667332 0.209126355515586 -0.0023055158384497564 -0.079328114844975067 -0.13068501605789681 0.15839145748893946 -0.042420844356820454 0.22284410258998044 0.1023785821220372 -0.060800770975170088 0.015939136454835533 -0.071720382833154878 0.058850610299656797 0.059429068917719034 -0.10313449894297211 -0.13155893993302151 -0.13182491599158808 0.047515263001631371 0.14465929377944239 0.10641226758452832 -0.0036083618922108048 0.16312958637718111 0.068570786578551174 0.22987325871602082 0.092395342131755487 -0.04238277504546116 0.014429125345294487
leaf_weight=30 29 90 123 115 45 145 142 122 52 96 23 64 171 24 128 90 24 85 434 99 123 62 128 73 128 63 78 58 103 53
leaf_count=30 29 90 123 115 45 145 142 122 52 96 23 64 171 24 128 90 24 85 434 99 123 62 128 73 128 63 78 58 103 53
internal_value=5.32994e-10 0.082568 -0.0578537 0.00892801 0.143446 -0.00614658 -0.103479 -0.0724789 0.111041 -0.0324557 0.202751 0.0933344 -0.0339596 -0.00367743 -0.0441875 0.0686731 0.040853 -0.0709328 -0.12061 -0.100893 0.066292 0.171772 0.121428 0.0119885 0.172225 0.0937328 0.24543 0.111954 -0.0313613 0.0423867
internal_weight=3000 1236 1764 716 733 503 1048 373 474 423 259 367 316 242 251 293 187 181 675 241 187 107 180 97 151 150 108 87 127 143
internal_count=3000 1236 1764 716 733 503 1048 373 474 423 259 367 316 242 251 293 187 181 675 241 187 107 180 97 151 150 108 87 127 143
is_linear=0
shrinkage=0.05


Tree=31
num_leaves=31
num_cat=0
split_feature=3 0 0 0 3 3 3 3 3 0 0 0 3 0 0 0 0 3 3 0 3 3 3 3 3 3 3 3 2 3
split_gain=5181.67 2981.41 1266.87 614.355 422.899 368.668 338.558 247.89 120.856 114.747 111.387 101.81 99.8956 86.6311 82.6626 74.4069 63.221 53.649 51.8743 50.8168 38.3778 37.6234 34.2707 33.6069 33.2614 31.9849 30.2472 21.4235 21.369 20.691
threshold=15.465318679809572 3.5000000000000004 2.5000000000000004 1.5000000000000002 8.9416146278381365 23.209966659545902 5.8921234607696542 6.6921918392181405 3.6517024040222172 1.5000000000000002 2.5000000000000004 3.5000000000000004 23.07070350646973 1.5000000000000002 2.5000000000000004 4.5000000000000009 4.5000000000000009 11.641199111938478 9.6821069717407244 4.5000000000000009 8.8980264663696307 1.4941371679306032 28.802375793457035 27.987103462219242 2.0192620754241948 2.0192620754241948 18.016186714172367 12.047929763793947 3270.5729980468755 0.76883831620216381
decision_type=2 2 2 2 2 2 2 2 2 2 2 2 2 2 2 2 2 2 2 2 2 2 2 2 2 2 2 2 2 2
left_child=1 3 5 7 8 9 14 21 19 26 18 12 -4 23 25 -6 -10 -9 -8 -3 -12 -1 -15 -7 -16 -5 -2 -17 -19 -21
right_child=2 4 11 6 15 13 10 17 16 -11 20 -13 -14 22 24 27 -18 28 -20 29 -22 -23 -24 -25 -26 -27 -28 -29 -30 -31
leaf_value=0.26758558341435029 0.087580291883876699 0.075382895787825463 -0.059769538216026763 0.21858456973676332 -0.044196836763048336 -0.0099562685864253188 0.11519406498017082 0.15742960067482684 0.015876199789169543 -0.0050608574988547008 0.062800149408479541 -0.12030189450749965 -0.11815732711600879 -0.069870734030611059 0.14895719131898313 -0.081414799285786488 -0.037433603690722239 0.12653610561649467 0.064892165303063493 0.056457615440983017 0.01339674754999578 0.20793408143023651 -0.13020359249785543 -0.063276147927072909 0.095609015069203454 0.15412504788654954 0.040800529557452045 -0.12249274985105903 0.073492399756522747 0.00081756730024194865
leaf_weight=35 52 74 175 27 123 90 83 111 106 148 60 557 126 89 42 77 117 43 134 24 114 108 32 44 96 67 103 54 34 55
leaf_count=35 52 74 175 27 123 90 83 111 106 148 60 557 126 89 42 77 117 43 134 24 114 108 32 44 96 67 103 54 34 55
internal_value=2.8975e-10 0.0621296 -0.0695009 0.117874 -0.0222831 -0.0108559 0.0886272 0.172921 0.0113868 0.0264278 0.060235 -0.107641 -0.0842109 -0.0551577 0.136478 -0.072125 -0.0120935 0.135183 0.0841321 0.0456097 0.0304324 0.222534 -0.0858265 -0.0274643 0.111845 0.17264 0.0564944 -0.0983477 0.103114 0.0177209
internal_weight=3000 1584 1416 954 630 558 623 331 376 303 391 858 301 255 232 254 223 188 217 153 174 143 121 134 138 94 155 131 77 79
internal_count=3000 1584 1416 954 630 558 623 331 376 303 391 858 301 255 232 254 223 188 217 153 174 143 121 134 138 94 155 131 77 79
is_linear=0
shrinkage=0.05


Tree=32
num_leaves=31
num_cat=0
split_feature=3 0 0 3 0 3 3 3 0 3 3 0 0 3 0 0 0 0 0 3 3 0 3 3 0 3 3 3 3 2
split_gain=4682.16 2231.35 1711.18 561.25 462.984 231.372 174.957 164.951 189.5 122.683 110.746 94.3289 94.2066 87.7538 54.6734 53.1616 52.7991 49.1295 47.2738 44.0526 38.4858 35.3178 34.3418 28.1659 26.5355 24.7494 24.4888 23.9699 23.6223 23.5283
threshold=12.30764961242676 3.5000000000000004 2.5000000000000004 21.983969688415531 1.5000000000000002 4.5510237216949472 2.9618983268737797 20.304259300231937 4.5000000000000009 4.9850897789001474 18.016186714172367 2.5000000000000004 4.5000000000000009 27.831704139709476 4.5000000000000009 1.5000000000000002 1.5000000000000002 3.5000000000000004 1.5000000000000002 8.8980264663696307 16.376976013183597 2.5000000000000004 6.1568281650543222 9.1587767601013201 1.5000000000000002 1.2348309159278872 9.4509568214416522 7.7976799011230478 1.2348309159278872 3480.9289550781255
decision_type=2 2 2 2 2 2 2 2 2 2 2 2 2 2 2 2 2 2 2 2 2 2 2 2 2 2 2 2 2 2
left_child=1 4 3 10 9 14 21 8 17 -1 16 22 27 15 25 -5 29 20 -12 -13 -4 -6 -8 -14 -15 -3 -11 -7 -16 -2
right_child=2 5 7 13 6 12 11 -9 -10 26 18 19 23 24 28 -17 -18 -19 -20 -21 -22 -23 -24 -25 -26 -27 -28 -29 -30 -31
leaf_value=0.22179522982074157 0.1096534297421155 0.11122122786261819 -0.0017170222666622562 -0.0021474667363455178 0.18902999798456829 0.01887903390174259 0.14287793339731603 -0.11261009835244085 -0.11916464177623698 0.16915891805420752 0.042899637990113759 0.074489186753464096 -0.040436968573901277 -0.057225342624587942 0.043133580643916508 -0.053284641466113197 0.043336208897896793 -0.07117799335584879 -0.0096151138136449932 0.023056546707327166 -0.051211417289738805 0.13083892210026182 0.095104157627793035 -0.080713075943089824 -0.10927176086232067 0.050210300728897844 0.12906739253264207 -0.021325281652599486 -0.0079405448988061414 0.064046822306006515
leaf_weight=108 71 22 66 108 45 67 52 572 146 92 81 136 105 48 36 96 110 145 91 60 97 62 136 74 50 68 65 83 61 47
leaf_count=108 71 22 66 108 45 67 52 572 146 92 81 136 105 48 36 96 110 145 91 60 97 62 136 74 50 68 65 83 61 47
internal_value=5.97741e-10 0.0728049 -0.0535925 0.00655957 0.127516 -0.007353 0.0987701 -0.0947492 -0.072246 0.180777 0.0454062 0.0830149 -0.032595 -0.0448929 0.0370567 -0.026212 0.0682569 -0.0500053 0.0151157 0.0587445 -0.0311707 0.155312 0.108318 -0.0570874 -0.0837796 0.0651241 0.152561 -0.00336735 0.0110148 0.0914881
internal_weight=3000 1272 1728 702 756 516 491 1026 454 265 400 384 329 302 187 204 228 308 172 196 163 107 188 179 98 90 157 150 97 118
internal_count=3000 1272 1728 702 756 516 491 1026 454 265 400 384 329 302 187 204 228 308 172 196 163 107 188 179 98 90 157 150 97 118
is_linear=0
shrinkage=0.05


Tree=33
num_leaves=31
num_cat=0
split_feature=3 0 0 0 3 3 3 3 0 0 3 0 0 0 0 0 3 3 3 3 3 3 3 3 2 3 3 3 3 3
split_gain=4231.39 2427.83 1031.15 500.881 346.861 302.277 277.787 203.444 93.2999 86.8036 85.7242 85.5789 82.6239 70.6824 67.4983 65.7114 47.6786 41.0792 38.9442 35.8313 35.0663 34.16 34.1249 34.1245 29.6269 28.566 27.2608 26.4289 24.0453 22.5928
threshold=15.465318679809572 3.5000000000000004 2.5000000000000004 1.5000000000000002 6.429286241531373 23.209966659545902 7.2878193855285653 8.6127552986145037 1.5000000000000002 3.5000000000000004 24.508625984191898 4.5000000000000009 2.5000000000000004 1.5000000000000002 2.5000000000000004 4.5000000000000009 2.6227082014083867 10.506052494049074 2.0192620754241948 1.6073193550109866 2.0192620754241948 1.2348309159278872 10.778295040130617 12.446928024291994 787.22937011718761 28.802375793457035 27.987103462219242 11.641199111938478 20.377864837646488 12.894777297973635
decision_type=2 2 2 2 2 2 2 2 2 2 2 2 2 2 2 2 2 2 2 2 2 2 2 2 2 2 2 2 2 2
left_child=1 3 5 7 15 8 14 16 28 10 -4 22 23 26 18 19 -1 -13 -5 -3 -16 -17 -6 -8 -18 -15 -7 -9 -2 -14
right_child=2 4 9 6 11 13 12 27 -10 -11 -12 17 29 25 20 21 24 -19 -20 -21 -22 -23 -24 -25 -26 -27 -28 -29 -30 -31
leaf_value=0.2283328328938147 0.066839021265982318 0.098604256180780281 -0.056900103193117627 0.19820383566397209 -0.00217006214392873 -0.009228686653077604 0.088388766016874287 0.13478823739937262 -0.0045306751216648497 -0.10890537299085375 -0.11369530311738603 -0.053483238771092151 0.034866453968336646 -0.063146802924280418 0.13496738643873304 0.040976901495337698 0.22921970576047898 -0.10032339760694992 0.12999219633338432 0.03474940412367384 0.081767658864037474 -0.015603585073778643 -0.046799323445087991 0.044895974994471226 0.16238452145426543 -0.11822982248559129 -0.057251075248826638 0.09322559695763441 0.026528124421163174 -0.007359442651892702
leaf_weight=61 94 28 202 27 78 90 118 76 148 557 99 100 107 89 42 36 20 88 93 102 118 103 95 73 97 32 44 77 61 45
leaf_count=61 94 28 202 27 78 90 118 76 148 557 99 100 107 89 42 36 20 88 93 102 118 103 95 73 97 32 44 77 61 45
internal_value=2.81523e-10 0.0561442 -0.0628054 0.106448 -0.0200296 -0.00989696 0.0800398 0.156152 0.0238632 -0.0972144 -0.0755803 -0.0520554 0.0498741 -0.050012 0.116993 0.0229493 0.192494 -0.0754084 0.14534 0.0485028 0.0957326 -0.000949646 -0.0266775 0.0717659 0.173809 -0.0777142 -0.0249972 0.113871 0.0509747 0.0223654
internal_weight=3000 1584 1416 954 630 558 623 331 303 858 301 361 343 255 280 269 178 188 120 130 160 139 173 191 117 121 134 153 155 152
internal_count=3000 1584 1416 954 630 558 623 331 303 858 301 361 343 255 280 269 178 188 120 130 160 139 173 191 117 121 134 153 155 152
is_linear=0
shrinkage=0.05


Tree=34
num_leaves=31
num_cat=0
split_feature=3 0 0 0 3 3 3 3 3 0 0 3 0 0 0 0 0 3 3 0 3 3 3 3 3 3 3 1 2 3
split_gain=3822.9 2273.14 871.227 462.366 330.459 261.607 244.442 187.774 92.8124 89.3793 78.0255 74.5032 67.6701 65.539 60.2794 58.9112 55.725 40.4722 36.9244 33.4329 32.0096 29.794 28.202 24.5812 24.5046 21.5007 20.6662 22.1442 20.6023 20.3876
threshold=15.90405321121216 3.5000000000000004 2.5000000000000004 1.5000000000000002 8.9416146278381365 5.8921234607696542 24.39137172698975 7.7976799011230478 2.9618983268737797 2.5000000000000004 3.5000000000000004 24.508625984191898 1.5000000000000002 4.5000000000000009 2.5000000000000004 4.5000000000000009 1.5000000000000002 9.6821069717407244 1.4941371679306032 4.5000000000000009 10.425682544708254 20.377864837646488 11.150726318359377 1.6801459789276125 2.0192620754241948 29.042363166809086 27.987103462219242 568752.81250000012 3270.5729980468755 19.425593376159672
decision_type=2 2 2 2 2 2 2 2 2 2 2 2 2 2 2 2 2 2 2 2 2 2 2 2 2 2 2 2 2 2
left_child=1 3 6 7 8 14 12 18 19 17 11 29 21 -6 23 -10 26 -7 -1 -3 -11 -2 -9 -5 -16 -18 27 -8 -24 -4
right_child=2 4 10 5 13 9 16 22 15 20 -12 -13 -14 -15 24 -17 25 -19 -20 -21 -22 -23 28 -25 -26 -27 -28 -29 -30 -31
leaf_value=0.23169990982328145 0.058011648010681663 0.073946948276300523 -0.032436806051435868 0.19075801360607147 -0.036774495779894868 0.099521756853560461 -0.030889053882348763 0.13329398112780438 0.017060483521181009 0.046633653191520887 -0.10457640964406541 -0.10801053549906221 -0.0084443716081689778 -0.085909209029362082 0.12821901411350287 -0.031295852724724682 -0.066997731420047155 0.055337639742841331 0.17374616246088409 0.021777118747944343 0.0042924541291443907 0.016269579855860538 0.11312631917609411 0.13288964603798112 0.082428745431631492 -0.12148995039903598 -0.05438851992340378 0.030786253901367841 0.065965855009853844 -0.06638970141227428
leaf_weight=35 85 56 67 25 130 83 43 82 124 85 539 99 157 142 42 128 85 138 128 68 94 86 55 69 96 23 44 22 40 130
leaf_count=35 85 56 67 25 130 83 43 82 124 85 539 99 157 142 42 128 85 138 128 68 94 86 55 69 96 23 44 22 40 130
internal_value=3.49855e-10 0.052094 -0.0611539 0.100453 -0.0204449 0.0751597 -0.0119793 0.14747 0.00992421 0.0506606 -0.0932499 -0.0726249 0.0152573 -0.0624257 0.1174 -0.00750147 -0.0531479 0.0719317 0.18619 0.0453377 0.0243986 0.0370186 0.111812 0.14828 0.0963649 -0.0786026 -0.0279268 -0.0100143 0.0932693 -0.0548423
internal_weight=3000 1620 1380 972 648 632 545 340 376 400 835 296 328 272 232 252 217 221 163 124 179 171 177 94 138 108 109 65 95 197
internal_count=3000 1620 1380 972 648 632 545 340 376 400 835 296 328 272 232 252 217 221 163 124 179 171 177 94 138 108 109 65 95 197
is_linear=0
shrinkage=0.05


Tree=35
num_leaves=31
num_cat=0
split_feature=3 0 0 3 0 3 3 0 3 3 3 0 0 3 0 0 0 0 3 0 0 0 2 3 2 0 3 3 3 4
split_gain=3459.89 1591.52 1289.2 435.008 336.318 160.171 142.61 159.771 126.805 86.7229 83.9942 73.771 64.4604 60.1866 50.5607 46.0303 40.5782 37.2534 43.4103 36.9426 36.7837 27.9512 23.2887 22.8942 21.155 19.1927 19.1214 18.8505 18.7889 17.7225
threshold=11.974534988403322 3.5000000000000004 2.5000000000000004 20.928581237792972 1.5000000000000002 4.5510237216949472 18.988677978515629 4.5000000000000009 3.8994389772415166 3.6517024040222172 26.836229324340824 2.5000000000000004 4.5000000000000009 18.016186714172367 1.5000000000000002 3.5000000000000004 4.5000000000000009 3.5000000000000004 26.044274330139164 2.5000000000000004 1.5000000000000002 1.5000000000000002 3270.5729980468755 8.8980264663696307 905.52285766601574 1.5000000000000002 1.2348309159278872 0.76883831620216381 9.2803268432617205 1.5000000000000002
decision_type=2 2 2 2 2 2 2 2 2 2 2 2 2 2 2 2 2 2 2 2 2 2 2 2 2 2 2 2 2 2
left_child=1 4 3 13 9 16 7 15 19 29 14 28 -7 20 -5 -4 26 18 -8 -6 22 -12 -2 -13 -11 -15 -3 -18 -10 -1
right_child=2 5 6 10 8 12 17 -9 11 24 21 23 -14 25 -16 -17 27 -19 -20 -21 -22 -23 -24 -25 -26 -27 -28 -29 -30 -31
leaf_value=0.16744750827861332 0.096519641869395267 0.097032605043866418 -0.010808994069154094 0.0097722343829545113 0.15663589271051545 -0.0015245614271482517 -0.064921816371682747 -0.10240366771572927 0.10378679501245153 0.17742310674102219 -0.042526300423367719 0.057351455439064891 -0.046843322670925953 0.037199839090896865 -0.03827727246610875 -0.053641265409532936 0.04834035521683594 -0.10274215611856655 -0.11207354787517997 0.10502070279300704 0.039409085007984263 -0.088751714191739522 0.052483713579382391 0.016643028067169236 0.12927154888126519 -0.0021883835500249495 0.04340541799388388 -0.002739525269972135 0.068672126685750901 0.21522238422523846
leaf_weight=30 73 22 123 110 56 145 173 122 111 27 68 107 171 59 109 128 24 434 68 91 118 63 51 51 147 65 68 73 58 55
leaf_count=30 73 22 123 110 56 145 173 122 111 27 68 107 171 59 109 128 24 434 68 91 118 63 51 51 147 65 68 73 58 55
internal_value=-1.49435e-10 0.0641476 -0.0449469 0.00676676 0.111148 -0.00434354 -0.0802781 -0.055466 0.0861123 0.156965 -0.0330869 0.0687728 -0.0260483 0.0448782 -0.0141428 -0.0326517 0.0323341 -0.093989 -0.078226 0.124684 0.059392 -0.0647568 0.0784081 0.0442114 0.136743 0.0165528 0.0565143 0.0098988 0.0917356 0.198361
internal_weight=3000 1236 1764 716 733 503 1048 373 474 259 350 327 316 366 219 251 187 675 241 147 242 131 124 158 174 124 90 97 169 85
internal_count=3000 1236 1764 716 733 503 1048 373 474 259 350 327 316 366 219 251 187 675 241 147 242 131 124 158 174 124 90 97 169 85
is_linear=0
shrinkage=0.05


Tree=36
num_leaves=31
num_cat=0
split_feature=3 0 0 0 3 3 3 3 3 0 0 3 0 0 0 0 0 3 3 0 3 3 3 3 3 3 2 1 2 3
split_gain=3126.19 1853.33 709.415 376.499 273.921 213.943 201.333 155.95 75.4838 72.2346 63.15 61.2717 60.1312 53.8691 51.784 49.3953 47.796 32.7819 30.6743 27.2531 25.7422 25.6795 21.9623 21.0256 20.9448 20.0997 18.6081 15.9113 15.4703 15.065
threshold=15.90405321121216 3.5000000000000004 2.5000000000000004 1.5000000000000002 8.9416146278381365 5.8921234607696542 23.209966659545902 6.6921918392181405 2.9618983268737797 2.5000000000000004 3.5000000000000004 23.667140960693363 1.5000000000000002 4.5000000000000009 1.5000000000000002 2.5000000000000004 4.5000000000000009 10.425682544708254 10.778295040130617 4.5000000000000009 12.894777297973635 1.2348309159278872 28.802375793457035 1.6801459789276125 2.0192620754241948 29.042363166809086 1979.1105957031252 624509.50000000012 3621.9057617187505 12.047929763793947
decision_type=2 2 2 2 2 2 2 2 2 2 2 2 2 2 2 2 2 2 2 2 2 2 2 2 2 2 2 2 2 2
left_child=1 3 6 7 8 15 12 21 19 17 11 -4 -2 -6 25 23 -10 -7 -9 -3 -11 -1 -16 -5 -17 27 -26 -8 -23 -15
right_child=2 4 10 5 13 9 14 18 16 20 -12 -13 -14 29 22 24 -18 -19 -20 -21 -22 28 -24 -25 26 -27 -28 -29 -30 -31
leaf_value=0.21406850337982181 0.040180783796009339 0.067025939355205219 -0.047317050667427613 0.17338831889629366 -0.033356176453750011 0.086891459138132635 -0.02622548320144415 0.12676516628369344 0.015667711612918685 0.033990446027628213 -0.094453520492818188 -0.093846330888824089 -0.0053558845389893072 -0.062939011724061009 -0.054274299701550205 0.11655702981654377 -0.027888507377065254 0.048041305531933906 0.086983826573568956 0.01992383004150778 -0.0082705482318997381 0.15166320812043757 -0.10257254661992193 0.11986863416606103 0.049783881342168462 -0.064466205595628087 0.094051285074004592 0.014213659898895357 0.1950470053487354 -0.09562768555604495
leaf_weight=30 146 56 179 25 130 96 75 86 124 129 539 117 144 77 89 42 128 125 111 68 50 86 32 69 43 23 53 36 27 65
leaf_count=30 146 56 179 25 130 96 75 86 124 129 539 117 144 77 89 42 128 125 111 68 50 86 32 69 43 23 53 36 27 65
internal_value=2.90369e-10 0.0471085 -0.0553013 0.0907745 -0.0183905 0.0679501 -0.0109276 0.133201 0.00925888 0.045795 -0.0842637 -0.0657087 0.0175695 -0.0566118 -0.043336 0.106149 -0.00645608 0.0649174 0.10435 0.0411958 0.0221857 0.172947 -0.0670474 0.134103 0.0871074 -0.0219249 0.0742232 -0.0131101 0.162029 -0.0779021
internal_weight=3000 1620 1380 972 648 632 545 340 376 400 835 296 290 272 255 232 252 221 197 124 179 143 121 94 138 134 96 111 113 142
internal_count=3000 1620 1380 972 648 632 545 340 376 400 835 296 290 272 255 232 252 221 197 124 179 143 121 94 138 134 96 111 113 142
is_linear=0
shrinkage=0.05


Tree=37
num_leaves=31
num_cat=0
split_feature=3 0 0 3 0 3 3 3 0 3 3 0 0 3 0 3 3 0 0 0 0 0 3 1 3 2 3 3 2 3
split_gain=2824.9 1330.87 1026.66 343.459 275.745 141.912 109.752 106.342 123.014 78.5641 68.7416 58.3922 56.3295 56.1089 35.8783 35.0607 33.8423 32.0471 30.8197 28.6178 27.0604 22.8996 21.5543 19.661 19.4593 18.2769 17.5988 17.5517 17.2911 16.8116
threshold=12.30764961242676 3.5000000000000004 2.5000000000000004 21.983969688415531 1.5000000000000002 4.5510237216949472 3.7451877593994145 21.09013652801514 4.5000000000000009 5.4064724445343026 18.330850601196293 2.5000000000000004 4.5000000000000009 28.710180282592777 1.5000000000000002 0.6728980839252473 17.240183830261234 1.5000000000000002 4.5000000000000009 2.5000000000000004 1.5000000000000002 3.5000000000000004 8.8980264663696307 800690.87500000012 14.075252532958986 928.16244506835949 1.2348309159278872 8.7911109924316424 3621.9057617187505 9.2803268432617205
decision_type=2 2 2 2 2 2 2 2 2 2 2 2 2 2 2 2 2 2 2 2 2 2 2 2 2 2 2 2 2 2
left_child=1 4 3 10 9 15 19 8 16 26 17 29 -7 14 -5 -3 21 -2 -17 -6 -12 -4 23 -13 -23 -19 -1 -14 -28 -8
right_child=2 5 7 13 6 12 11 -9 -10 -11 20 22 27 -15 -16 18 -18 25 -20 -21 -22 24 -24 -25 -26 -27 28 -29 -30 -31
leaf_value=0.20336507171392443 0.070046505444653101 0.078953093973298874 -0.0060876567135838902 -0.0055168582370504742 0.14161603072924275 -0.0025228404585892956 0.09368840802171445 -0.089293091287070719 -0.093296243334189066 0.11551590355011782 0.032239388226221008 0.04298793761624714 -0.029504429619798128 -0.076038869120406388 -0.04457621874459726 0.041973847405442716 -0.055956230443914734 0.067594316807286489 -0.0023332272895062582 0.095580358461422085 -0.0087436589658602907 -0.072827290239828563 0.016737882047891617 0.093981084941575921 -0.024092481664761349 0.021625259987023825 0.14544713000650519 -0.060900951558387428 0.19521252637108166 0.061822354257332561
leaf_weight=30 124 30 85 125 56 150 111 523 160 147 75 89 96 66 111 79 171 29 78 85 87 33 60 24 54 85 64 83 24 66
leaf_count=30 124 30 85 125 56 150 111 523 160 147 75 89 96 66 111 79 171 29 78 85 87 33 60 24 54 85 64 83 24 66
internal_value=-2.41147e-10 0.0565508 -0.0416277 0.00496477 0.0988039 -0.00535484 0.0766197 -0.0735068 -0.0570928 0.139908 0.0353535 0.0616155 -0.0251235 -0.0352852 -0.023888 0.0294253 -0.0402048 0.0524544 0.0199614 0.113864 0.01023 -0.024545 0.0409581 0.0538183 -0.0425781 0.0333191 0.170294 -0.0440626 0.15902 0.0818062
internal_weight=3000 1272 1728 702 756 516 491 1026 503 265 400 350 329 302 236 187 343 238 157 141 162 172 173 113 87 114 118 179 88 177
internal_count=3000 1272 1728 702 756 516 491 1026 503 265 400 350 329 302 236 187 343 238 157 141 162 172 173 113 87 114 118 179 88 177
is_linear=0
shrinkage=0.05


Tree=38
num_leaves=31
num_cat=0
split_feature=3 0 0 3 3 3 0 0 0 0 0 0 3 3 3 0 0 3 3 3 3 1 3 3 3 0 3 1 3 2
split_gain=2553.75 1510.67 576.881 307.431 227.623 165.915 165.308 153.356 60.5548 58.622 54.4846 54.14 53.3401 42.9442 39.7388 38.1541 30.6714 29.3491 28.5472 24.459 22.3171 21.2728 24.8535 20.2916 20.0389 19.9251 18.2948 17.7432 19.0497 16.6093
threshold=15.90405321121216 3.5000000000000004 2.5000000000000004 6.1568281650543222 6.429286241531373 25.031608581542972 1.5000000000000002 2.5000000000000004 1.5000000000000002 4.5000000000000009 3.5000000000000004 2.5000000000000004 25.184744834899906 0.6728980839252473 1.8386867046356203 4.5000000000000009 1.5000000000000002 10.778295040130617 10.506052494049074 12.446928024291994 10.425682544708254 154052.79687500003 20.594912528991703 10.778295040130617 2.0192620754241948 1.5000000000000002 20.377864837646488 599348.03125000012 19.425593376159672 947.17956542968761
decision_type=2 2 2 2 2 2 2 2 2 2 2 2 2 2 2 2 2 2 2 2 2 2 2 2 2 2 2 2 2 2
left_child=1 3 5 7 13 8 17 14 26 23 12 19 27 -3 -1 -15 -7 -5 -11 -8 -13 -10 -23 -6 -9 -16 -2 28 -4 -21
right_child=2 4 10 6 9 16 11 24 21 18 -12 20 -14 15 25 -17 -18 -19 -20 29 -22 22 -24 -25 -26 -27 -28 -29 -30 -31
leaf_value=0.172950889368852 0.047428440902491709 0.075005438650647807 -0.029706514875094098 0.11604384987125385 -0.0016494141903538734 -0.02861913980264217 0.069834093246171389 0.10595016537145491 0.02543327720327811 -0.041382578588963957 -0.085564555282616417 0.03935227626417246 -0.092584001237437846 0.03160106099421988 0.14498713115851086 -0.0083543490075195844 -0.068853060226473542 0.078394968814409535 -0.079258249445131643 0.073997555468231432 0.0035425045408625554 0.0023834202708541488 -0.039469157889077108 -0.035527376262197166 0.064794755468145018 0.10886763144816672 0.015498475181429008 -0.026154141259183618 -0.069476557464420718 0.021038685560128407
leaf_weight=75 85 30 45 97 78 100 141 42 33 100 539 81 84 119 84 120 90 111 99 20 94 69 73 102 100 70 95 76 91 57
leaf_count=75 85 30 45 97 78 100 141 42 33 100 539 81 84 119 84 120 90 111 99 20 94 69 73 102 100 70 95 76 91 57
internal_value=-1.23843e-10 0.0425776 -0.0499823 0.0820008 -0.0165573 -0.00996773 0.0599075 0.117791 0.0102149 -0.0415231 -0.0760997 0.0408303 -0.0588646 0.0186177 0.143105 0.0115398 -0.0476773 0.0959524 -0.0602252 0.0574576 0.0201173 -0.0107285 -0.0191323 -0.0208469 0.0769675 0.128569 0.0305765 -0.0455041 -0.0563174 0.0347942
internal_weight=3000 1620 1380 972 648 545 601 371 355 379 835 393 296 269 229 239 190 208 199 218 175 175 142 180 142 154 180 212 136 77
internal_count=3000 1620 1380 972 648 545 601 371 355 379 835 393 296 269 229 239 190 208 199 218 175 175 142 180 142 154 180 212 136 77
is_linear=0
shrinkage=0.05


Tree=39
num_leaves=31
num_cat=0
split_feature=3 0 0 3 0 3 3 0 3 3 3 0 0 0 0 0 0 3 0 1 0 3 2 2 3 3 0 3 3 1
split_gain=2305.93 1053.83 854.558 293.51 225.481 108.761 99.0412 112.586 86.8295 81.7299 59.7621 45.9443 42.93 38.2293 33.6964 29.2918 28.5387 24.6088 21.2668 20.9598 18.8377 27.1934 18.6655 18.1794 17.3702 16.7178 16.5104 15.8932 15.8796 15.8322
threshold=11.974534988403322 3.5000000000000004 2.5000000000000004 19.507663726806644 1.5000000000000002 4.5510237216949472 19.695854187011722 4.5000000000000009 2.9618983268737797 26.324682235717777 3.6517024040222172 2.5000000000000004 4.5000000000000009 1.5000000000000002 3.5000000000000004 1.5000000000000002 4.5000000000000009 5.1152958869934091 1.5000000000000002 165369.53125000003 3.5000000000000004 26.044274330139164 905.52285766601574 3270.5729980468755 0.76883831620216381 6.3299012184143075 2.5000000000000004 14.075252532958986 16.376976013183597 599348.03125000012
decision_type=2 2 2 2 2 2 2 2 2 2 2 2 2 2 2 2 2 2 2 2 2 2 2 2 2 2 2 2 2 2
left_child=1 4 3 15 10 16 7 14 24 13 -1 25 -7 -5 28 23 -3 -13 -11 -15 21 29 -12 27 -6 -10 -26 -2 -4 -8
right_child=2 5 6 9 8 12 20 -9 11 18 22 17 -14 19 -16 -17 -18 -19 -20 -21 -22 -23 -24 -25 26 -27 -28 -29 -30 -31
leaf_value=0.16249334705226562 0.10434493330018274 0.047137395540873213 0.0037149870718518893 0.013961775436886212 0.14530593709653028 -0.0012365542682176778 -0.067103572217549409 -0.083854393812694716 0.098691590286084818 -0.033216256254909003 0.14955423430160239 0.066348603315418586 -0.038220396896344967 0.01828574025630951 -0.046417089725663475 0.027682621477634187 0.0080442495730503934 0.028119550287965839 -0.071295267854418073 -0.032150734190502739 -0.084724928637966518 -0.092683697973980628 0.10432456668187567 0.038854788721258207 0.12357273442774185 0.0660852844323047 0.078143616615432426 0.059011080437179265 -0.029276859203458461 -0.033519937764919759
leaf_weight=85 29 90 75 134 26 145 94 140 58 77 27 64 171 25 144 143 97 123 70 117 400 68 147 63 36 122 45 58 71 56
leaf_count=85 29 90 75 134 26 145 94 140 58 77 27 64 171 25 144 143 97 123 70 117 400 68 147 63 36 122 45 58 71 56
internal_value=1.86819e-10 0.0523688 -0.0366938 0.00540947 0.0906142 -0.00336447 -0.065459 -0.0470319 0.0701151 -0.0212339 0.12813 0.05856 -0.02125 -0.00519426 -0.0292555 0.0438741 0.0268591 0.0412033 -0.0513491 -0.0232711 -0.0782804 -0.0664557 0.111343 0.05931 0.109748 0.0765918 0.0983343 0.0741224 -0.012329 -0.0545657
internal_weight=3000 1236 1764 716 733 503 1048 430 474 423 259 367 316 276 290 293 187 187 147 142 618 218 174 150 107 180 81 87 146 150
internal_count=3000 1236 1764 716 733 503 1048 430 474 423 259 367 316 276 290 293 187 187 147 142 618 218 174 150 107 180 81 87 146 150
is_linear=0
shrinkage=0.05


Tree=40
num_leaves=31
num_cat=0
split_feature=3 0 0 3 3 3 0 0 0 0 0 3 0 3 0 3 0 3 3 3 3 2 3 2 3 2 2 1 3 3
split_gain=2086.86 1230.32 468.993 251.176 187.658 137.84 133.456 126.381 48.1787 44.6613 44.4883 43.7461 40.05 38.0472 35.4318 33.3743 30.9848 24.1296 23.5295 19.7358 19.4043 18.1757 17.7296 16.8093 16.1623 15.3472 14.9899 14.8843 15.5311 14.5065
threshold=15.90405321121216 3.5000000000000004 2.5000000000000004 6.1568281650543222 6.429286241531373 23.209966659545902 1.5000000000000002 2.5000000000000004 4.5000000000000009 3.5000000000000004 2.5000000000000004 25.184744834899906 1.5000000000000002 0.6728980839252473 1.5000000000000002 1.8386867046356203 4.5000000000000009 10.506052494049074 10.169486045837404 12.446928024291994 8.8980264663696307 947.17956542968761 29.042363166809086 2645.5520019531255 2.0192620754241948 1979.1105957031252 947.17956542968761 599348.03125000012 19.425593376159672 29.042363166809086
decision_type=2 2 2 2 2 2 2 2 2 2 2 2 2 2 2 2 2 2 2 2 2 2 2 2 2 2 2 2 2 2
left_child=1 3 5 7 13 12 17 15 23 11 19 27 -2 -3 29 -1 -15 -5 -10 -8 -12 -17 -16 -6 -9 -26 -21 28 -4 -7
right_child=2 4 9 6 8 14 10 24 18 -11 20 -13 -14 16 22 21 -18 -19 -20 26 -22 -23 -24 -25 25 -27 -28 -29 -30 -31
leaf_value=0.15674884626766047 0.032929179939913421 0.070136245333900046 -0.02690397553145886 0.10637025078441101 -0.033579887348722907 -0.01071983743962404 0.063145783010222917 0.095386235772180264 -0.035386395056763394 -0.077300931682813656 0.042450165690388536 -0.083664188356626604 -0.0042339846213710394 0.028477145299440672 -0.046260674801484054 0.1496159266680479 -0.0075292127214682605 0.071899939751407752 -0.069965292522683742 0.068913546800613401 0.006758180464923132 0.10727884130949368 -0.095039877813795345 -0.0030038944897830661 0.037202644366366062 0.076504172972851892 0.018602620070930897 -0.023305339940921651 -0.062813822499343336 -0.054349181416403991
leaf_weight=75 146 30 45 88 93 111 141 42 89 539 56 84 144 119 98 32 120 120 110 20 119 122 23 87 46 54 57 76 91 23
leaf_count=75 146 30 45 88 93 111 141 42 89 539 56 84 144 119 98 32 120 120 110 20 119 122 23 87 46 54 57 76 91 23
internal_value=-5.88509e-11 0.0384891 -0.0451829 0.0740667 -0.0148773 -0.00910354 0.0540968 0.106417 -0.0375458 -0.0687317 0.0369557 -0.0531275 0.0144757 0.0170608 -0.0359192 0.129397 0.0103986 0.0864835 -0.0545004 0.0520283 0.0181796 0.116076 -0.0555328 -0.0188015 0.0693575 0.0584255 0.0316704 -0.041028 -0.0509319 -0.0182085
internal_weight=3000 1620 1380 972 648 545 601 371 379 835 393 296 290 269 255 229 239 208 199 218 175 154 121 180 142 100 77 212 136 134
internal_count=3000 1620 1380 972 648 545 601 371 379 835 393 296 290 269 255 229 239 208 199 218 175 154 121 180 142 100 77 212 136 134
is_linear=0
shrinkage=0.05


Tree=41
num_leaves=31
num_cat=0
split_feature=3 0 0 3 0 3 3 0 3 3 3 0 0 0 0 3 0 0 0 3 3 1 0 0 4 2 2 4 4 3
split_gain=1885.42 856.042 697.242 242.042 187.518 89.6756 81.7641 93.8023 70.9 67.5713 49.7341 40.5799 38.4025 28.9433 24.685 27.9374 23.6329 22.0762 21.7413 21.0765 20.4569 19.914 17.5191 16.8636 20.08 16.5105 16.1749 14.9441 16.9571 13.8881
threshold=11.974534988403322 3.5000000000000004 2.5000000000000004 19.507663726806644 1.5000000000000002 3.6517024040222172 18.745632171630863 4.5000000000000009 3.8994389772415166 25.327569961547855 3.6517024040222172 2.5000000000000004 4.5000000000000009 1.5000000000000002 3.5000000000000004 26.044274330139164 1.5000000000000002 3.5000000000000004 1.5000000000000002 0.6728980839252473 0.76883831620216381 165369.53125000003 4.5000000000000009 2.5000000000000004 1.5000000000000002 3270.5729980468755 905.52285766601574 1.5000000000000002 2.5000000000000004 8.8980264663696307
decision_type=2 2 2 2 2 2 2 2 2 2 2 2 2 2 2 2 2 2 2 2 2 2 2 2 2 2 2 2 2 2
left_child=1 4 3 16 10 19 7 17 20 13 27 -10 -7 -5 15 -8 25 -4 -11 -3 -6 -15 -21 -22 -25 -2 -12 -1 -29 -13
right_child=2 5 6 9 8 12 14 -9 11 18 26 29 -14 21 -16 -17 -18 -19 -20 22 23 -23 -24 24 -26 -27 -28 28 -30 -31
leaf_value=0.11899701324601969 0.067761922774611613 0.066629434600472451 -0.0062695446448066301 0.016110482173769369 0.13220928182395605 0.0011083503386804037 -0.046219294002468575 -0.076111095692931119 0.067195027203646285 -0.026145012338141288 0.13629258606168959 0.042181831203122563 -0.032122388557856166 0.022501222416758539 -0.076318618408046102 -0.083866305386318896 0.025237261609848384 -0.036607926302566762 -0.060867158207761618 0.038303363468084078 0.10674681470115135 -0.028072681986880534 0.00055200971973439058 0.033059907117142129 0.087618185570075502 0.034152139785389106 0.094188442886854545 0.19218839028706919 0.13657980419952295 0.010475758214791617
leaf_weight=30 87 30 117 115 26 161 179 119 169 96 27 107 189 24 442 68 143 123 85 63 47 103 60 26 48 63 147 26 29 51
leaf_count=30 87 30 117 115 26 161 179 119 169 96 27 107 189 24 442 68 143 123 85 63 47 103 60 26 48 63 147 26 29 51
internal_value=-2.56185e-10 0.0473536 -0.0331798 0.00485114 0.0818236 -0.00287788 -0.0591627 -0.0398149 0.0631296 -0.0193437 0.116036 0.0501642 -0.0168362 -0.00206096 -0.0692438 -0.0565837 0.0397809 -0.021818 -0.042451 0.029053 0.0919712 -0.0185154 0.0198881 0.083325 0.0684491 0.0536458 0.100722 0.147384 0.162867 0.0319476
internal_weight=3000 1236 1764 716 733 503 1048 359 474 423 259 327 350 242 689 247 293 240 181 153 147 127 123 121 74 150 174 85 55 158
internal_count=3000 1236 1764 716 733 503 1048 359 474 423 259 327 350 242 689 247 293 240 181 153 147 127 123 121 74 150 174 85 55 158
is_linear=0
shrinkage=0.05


Tree=42
num_leaves=31
num_cat=0
split_feature=3 0 0 0 3 3 3 3 0 3 0 3 0 3 0 0 3 3 3 2 0 2 0 0 3 2 2 1 4 4
split_gain=1707.79 1004.35 380.733 207.523 159.212 117.877 112.65 91.8799 46.7879 44.2617 36.1199 36.906 32.477 30.2545 28.5241 26.4192 24.4366 23.5995 23.4189 21.3175 19.6133 24.5284 17.9421 17.4801 16.3439 15.9467 14.3858 15.0696 13.1798 12.7748
threshold=15.90405321121216 3.5000000000000004 2.5000000000000004 1.5000000000000002 8.9416146278381365 5.1152958869934091 23.209966659545902 9.1587767601013201 2.5000000000000004 2.9618983268737797 3.5000000000000004 22.144941329956058 1.5000000000000002 28.710180282592777 4.5000000000000009 4.5000000000000009 9.6821069717407244 0.76883831620216381 2.6227082014083867 738.51449584960949 2.5000000000000004 3947.499145507813 1.5000000000000002 4.5000000000000009 12.894777297973635 1961.894958496094 3509.134643554688 564601.78125000012 1.5000000000000002 2.5000000000000004
decision_type=2 2 2 2 2 2 2 2 2 2 2 2 2 2 2 2 2 2 2 2 2 2 2 2 2 2 2 2 2 2
left_child=1 3 6 7 9 17 12 18 16 23 11 -4 -2 22 -6 -11 -7 -5 25 -20 -19 28 -8 -3 -10 -1 -9 -28 -22 -17
right_child=2 4 10 5 14 8 13 26 24 15 -12 -13 -14 -15 -16 29 -18 20 19 -21 21 -23 -24 -25 -26 -27 27 -29 -30 -31
leaf_value=0.11700039557897701 0.029567441395770961 0.05282316434064082 -0.030403186663249007 0.12559881817836027 -0.025615639217162076 0.069171871025038453 -0.0083536842535023841 0.08017339188843331 0.025331364528454366 0.012095403195463962 -0.069797717442421567 -0.065713563283301288 -0.0038982288181109146 -0.06175224950649974 -0.058030526264255845 -0.029407111213852963 0.036422823640463904 0.095088455437774388 0.15682638518512249 0.10082355941752946 0.022979653842987554 0.107182292866966 -0.039290082365880878 0.015100288278806738 -0.0079399444013834013 0.1686955489431109 0.073298452228859626 0.019425547627732159 0.063746920458295137 0.0070717858499847359
leaf_weight=26 146 56 148 26 130 97 103 94 141 124 539 148 144 66 142 96 138 71 20 113 31 23 86 68 50 35 27 25 55 32
leaf_count=26 146 56 148 26 130 97 103 94 141 124 539 148 144 66 142 96 138 71 20 113 31 23 86 68 50 35 27 25 55 32
internal_value=-1.99381e-11 0.0348184 -0.0408737 0.0669631 -0.0133988 0.0500178 -0.0083661 0.0984616 0.0350018 0.00768075 -0.0620913 -0.0480584 0.01295 -0.0326079 -0.0425381 -0.004353 0.0499405 0.0810704 0.12101 0.109245 0.0746385 0.0613178 -0.0224306 0.0321364 0.0166216 0.146662 0.0685 0.047398 0.0490517 -0.0202874
internal_weight=3000 1620 1380 972 648 632 545 340 426 376 835 296 290 255 272 252 235 206 194 133 180 109 189 124 191 61 146 52 86 128
internal_count=3000 1620 1380 972 648 632 545 340 426 376 835 296 290 255 272 252 235 206 194 133 180 109 189 124 191 61 146 52 86 128
is_linear=0
shrinkage=0.05


Tree=43
num_leaves=31
num_cat=0
split_feature=3 0 0 3 0 3 0 3 3 3 3 0 0 0 0 3 0 0 3 2 2 1 3 2 2 0 1 2 4 4
split_gain=1544.33 663.323 618.699 227.322 139.331 78.9115 81.4629 64.6301 59.9827 49.6492 35.3721 34.8239 26.438 26.1386 20.1638 23.8555 18.4399 17.4584 17.0641 15.6812 14.6853 13.6469 13.473 19.1178 12.6639 12.3145 12.2078 11.3187 10.8403 15.8337
threshold=11.150726318359377 3.5000000000000004 2.5000000000000004 18.988677978515629 1.5000000000000002 18.745632171630863 4.5000000000000009 3.3544704914093022 26.836229324340824 2.9618983268737797 4.9850897789001474 4.5000000000000009 1.5000000000000002 2.5000000000000004 3.5000000000000004 26.044274330139164 1.5000000000000002 3.5000000000000004 0.6728980839252473 3270.5729980468755 4369.1840820312509 154052.79687500003 29.374486923217777 3760.2875976562505 4369.1840820312509 4.5000000000000009 820512.00000000012 905.52285766601574 1.5000000000000002 2.5000000000000004
decision_type=2 2 2 2 2 2 2 2 2 2 2 2 2 2 2 2 2 2 2 2 2 2 2 2 2 2 2 2 2 2
left_child=1 4 3 16 10 6 17 18 12 26 28 -9 -5 -11 15 -7 19 -4 -3 -2 -15 -14 23 -10 -21 -20 -6 -12 -1 -30
right_child=2 7 5 8 9 14 -8 11 22 13 27 -13 21 20 -16 -17 -18 -19 25 24 -22 -23 -24 -25 -26 -27 -28 -29 29 -31
leaf_value=0.10611107233497832 0.064955528042175706 0.061851361542940145 -0.0059674402789074137 0.010426650324602001 0.081511021670938918 -0.041599111007682606 -0.066738957961423526 0.0052945261404186098 -0.023782608351412868 0.065186297227361592 0.12310588000850245 -0.027192166659008067 0.014344050534642661 0.031304898392719528 -0.069012799952389903 -0.076387311255230628 0.027069294756597046 -0.031319387432960595 0.036424263436039737 0.017381569150496611 0.074211520086164065 -0.025263123226148966 -0.071467078987043353 -0.078724364899098884 0.063842473922043369 0.0026511512544344774 0.12483269736170768 0.083961635835306803 0.16520458459854126 0.11814614232534018
leaf_weight=36 90 30 131 151 87 179 134 153 76 157 22 179 26 150 442 68 156 141 53 44 23 133 35 20 22 55 20 115 33 39
leaf_count=36 90 30 131 151 87 179 134 153 76 157 22 179 26 150 442 68 156 141 53 44 23 133 35 20 22 55 20 115 33 39
internal_value=1.52028e-10 0.0454365 -0.028324 0.00656334 0.076933 -0.0523151 -0.0348295 -0.000267011 -0.0165441 0.0600114 0.107116 -0.0122209 -0.00455686 0.0504147 -0.0626186 -0.0511764 0.0392248 -0.0191094 0.0284916 0.0513803 0.0370092 -0.0187865 -0.0449108 -0.0352288 0.0328685 0.019225 0.0896085 0.0902476 0.128513 0.139715
internal_weight=3000 1152 1848 753 682 1095 406 470 441 437 245 332 310 330 689 247 312 272 138 156 173 159 131 96 66 108 107 137 108 72
internal_count=3000 1152 1848 753 682 1095 406 470 441 437 245 332 310 330 689 247 312 272 138 156 173 159 131 96 66 108 107 137 108 72
is_linear=0
shrinkage=0.05


Tree=44
num_leaves=31
num_cat=0
split_feature=3 0 0 3 3 0 3 0 3 0 3 3 0 0 0 0 0 0 3 2 4 1 3 2 3 1 2 1 3 1
split_gain=1397.28 819.373 309.442 171.522 131.949 96.7779 93.4231 73.5248 36.6549 29.2545 30.6063 27.4527 26.7907 26.4411 26.2791 25.637 25.2771 23.2989 16.4486 15.1961 18.9082 14.5456 13.6576 12.9197 12.3272 12.2111 12.0423 11.3316 13.6013 10.7025
threshold=15.90405321121216 3.5000000000000004 2.5000000000000004 7.7976799011230478 8.9416146278381365 1.5000000000000002 23.209966659545902 1.5000000000000002 1.8386867046356203 3.5000000000000004 22.144941329956058 0.76883831620216381 4.5000000000000009 1.5000000000000002 2.5000000000000004 2.5000000000000004 1.5000000000000002 4.5000000000000009 1.2348309159278872 3480.9289550781255 1.5000000000000002 483396.90625000006 29.042363166809086 2106.0119628906255 0.6728980839252473 684118.06250000012 1304.8403930664065 160906.63281250003 10.928921222686769 370529.71875000006
decision_type=2 2 2 2 2 2 2 2 2 2 2 2 2 2 2 2 2 2 2 2 2 2 2 2 2 2 2 2 2 2
left_child=1 3 6 5 8 18 13 26 23 10 -4 -7 -10 -2 -13 -9 -8 -6 -1 20 -16 -21 -18 -3 -25 -14 -5 -28 -29 -15
right_child=2 4 9 7 17 11 16 15 12 -11 -12 14 25 29 19 -17 22 -19 -20 21 -22 -23 -24 24 -26 -27 27 28 -30 -31
leaf_value=0.14692466934521994 0.026740831355500507 0.011547063470914446 -0.027392920403665789 0.090109820554896108 -0.023289931767145531 0.11482677173156004 -0.014782430241301435 0.038859036296117505 0.014430150220037572 -0.063035364525612092 -0.059548742706711233 0.078324070977561971 -0.0073253590360349207 0.013632241436945542 0.010770983790003118 0.010765955443430232 -0.038169742435958165 -0.052585772579719484 0.10593803158814186 0.040076455154589248 0.053814270939821232 0.096024966001725554 -0.080982429615181428 0.082547320638384145 0.031469546382625897 -0.040053741798098938 0.089607681214809429 0.072770732149798831 0.037347981313359924 -0.014329198853705417
leaf_weight=30 146 29 148 41 130 26 134 183 147 539 148 123 114 56 42 146 98 142 133 21 65 26 23 21 27 38 25 47 64 88
leaf_count=30 146 29 148 41 130 26 134 183 147 539 148 123 114 56 42 146 98 142 133 21 65 26 23 21 27 38 25 47 64 88
internal_value=-1.17267e-10 0.0314944 -0.0369717 0.0605284 -0.0120567 0.0824151 -0.0076651 0.040372 0.00713334 -0.0560999 -0.0434708 0.0657027 -0.000788967 0.0117469 0.0610918 0.0263922 -0.0297415 -0.0385841 0.113482 0.0473283 0.0369188 0.0710267 -0.0463077 0.0378966 0.0538161 -0.0155075 0.066357 0.0591962 0.0523468 -0.00345531
internal_weight=3000 1620 1380 972 648 466 545 506 376 835 296 303 299 290 277 329 255 272 163 154 107 47 121 77 48 152 177 136 111 144
internal_count=3000 1620 1380 972 648 466 545 506 376 835 296 303 299 290 277 329 255 272 163 154 107 47 121 77 48 152 177 136 111 144
is_linear=0
shrinkage=0.05


Tree=45
num_leaves=31
num_cat=0
split_feature=3 0 0 3 0 3 3 3 0 3 3 0 3 2 2 3 0 0 2 3 0 2 3 0 2 1 3 0 2 2
split_gain=1266.34 582.384 454.484 159.7 122.39 68.0401 52.7368 51.3013 61.472 39.0181 36.5688 26.5202 26.5185 23.9172 23.7636 21.2661 17.4848 17.3879 16.9414 16.7572 15.6543 15.185 18.2712 15.0321 13.3285 12.9884 12.2261 12.4803 12.1766 11.6981
threshold=12.30764961242676 3.5000000000000004 2.5000000000000004 22.6301383972168 1.5000000000000002 5.8921234607696542 4.7991502285003671 21.68216705322266 4.5000000000000009 5.4064724445343026 18.016186714172367 2.5000000000000004 28.710180282592777 4006.0207519531255 4688.8017578125009 0.6728980839252473 2.5000000000000004 1.5000000000000002 3947.499145507813 18.016186714172367 4.5000000000000009 3539.369262695313 7.8847513198852548 1.5000000000000002 3604.267944335938 837731.87500000012 13.897966861724855 3.5000000000000004 2662.3679199218755 928.16244506835949
decision_type=2 2 2 2 2 2 2 2 2 2 2 2 2 2 2 2 2 2 2 2 2 2 2 2 2 2 2 2 2 2
left_child=1 4 3 10 9 15 16 8 19 -1 23 -8 25 21 -15 -3 -6 -12 -18 26 -17 22 -7 24 -2 -5 27 -4 -24 -25
right_child=2 5 7 12 6 13 11 -9 -10 -11 17 -13 -14 14 -16 20 18 -19 -20 -21 -22 -23 28 29 -26 -27 -28 -29 -30 -31
leaf_value=0.11461186290460133 0.06078920058857698 0.055696431808173658 -0.013181606853114709 -0.023050047092233374 0.090272793799638762 -0.0020115203933039711 0.051887325048918215 -0.060890155473253549 -0.063182293139614695 0.07600841772406787 0.022359622265819626 0.022000905603802367 -0.053856192850931128 0.035235083196312189 -0.032413459755480288 0.024260564087692404 0.050328326000211143 -0.0076182046448629278 0.09897334775464102 -0.038771730611600115 -0.0029777802713215353 -0.068998010109644389 -0.043246971086608535 0.050737930900816408 0.025498197808657298 0.010253790553127017 -0.0096865348454105524 -0.059981215289183737 -0.0091965874346594031 0.013306296267262775
leaf_weight=118 77 30 28 179 75 67 158 485 172 147 92 140 66 34 21 106 96 102 22 166 105 20 97 28 41 35 146 29 36 82
leaf_count=118 77 30 28 179 75 67 158 485 172 147 92 140 66 34 21 106 96 102 22 166 105 20 97 28 41 35 146 29 36 82
internal_value=-6.48278e-11 0.0378628 -0.0278713 0.0031288 0.0658137 -0.00308839 0.051034 -0.0490818 -0.0384958 0.0931979 0.0225545 0.0378467 -0.0261485 -0.0200853 0.00940564 0.0163064 0.0713958 0.00659808 0.0593977 -0.0269888 0.0107059 -0.027458 -0.023304 0.0361315 0.0485271 -0.0176032 -0.0173536 -0.0369919 -0.0340303 0.0228343
internal_weight=3000 1272 1728 702 756 516 491 1026 541 265 422 298 280 275 55 241 193 194 118 369 211 220 200 228 118 214 203 57 133 110
internal_count=3000 1272 1728 702 756 516 491 1026 541 265 422 298 280 275 55 241 193 194 118 369 211 220 200 228 118 214 203 57 133 110
is_linear=0
shrinkage=0.05


Tree=46
num_leaves=31
num_cat=0
split_feature=3 0 0 3 0 3 0 3 3 3 3 0 0 0 0 1 0 0 3 2 4 4 1 2 2 3 2 1 0 3
split_gain=1145.64 488.993 454.501 168.913 101.732 58.5544 61.7928 49.2044 38.5203 36.8649 27.6143 26.9039 20.7602 19.2136 17.0161 16.5508 16.0872 14.3598 13.7252 12.2134 11.8841 14.1197 11.0846 10.4285 10.058 10.8287 9.81802 9.78587 9.74304 15.7512
threshold=11.150726318359377 3.5000000000000004 2.5000000000000004 20.377864837646488 1.5000000000000002 19.695854187011722 4.5000000000000009 3.3544704914093022 2.9618983268737797 27.831704139709476 3.6517024040222172 4.5000000000000009 1.5000000000000002 2.5000000000000004 1.5000000000000002 165369.53125000003 3.5000000000000004 4.5000000000000009 13.705627441406252 4369.1840820312509 1.5000000000000002 2.5000000000000004 820512.00000000012 4093.1667480468755 3270.5729980468755 17.012022018432621 2851.916137695313 300998.00000000006 3.5000000000000004 26.324682235717777
decision_type=2 2 2 2 2 2 2 2 2 2 2 2 2 2 2 2 2 2 2 2 2 2 2 2 2 2 2 2 2 2
left_child=1 4 3 12 10 6 16 17 22 14 20 -9 24 -10 -5 -16 23 -3 -14 26 -1 -22 -6 -4 25 -2 -15 -11 29 -7
right_child=2 7 5 9 8 28 -8 11 13 27 -12 -13 18 19 15 -17 -18 -19 -20 -21 21 -23 -24 -25 -26 -27 -28 -29 -30 -31
leaf_value=0.089684282864133519 0.063152503184974201 0.042329748993506659 -0.0032412531479660955 0.0032202534415588092 0.070071724776563968 -0.037755723130019188 -0.057735654027351452 0.0048586459370829121 0.05592946577253663 -0.072704788588959235 0.079732965343391693 -0.023695829779159426 0.036063824915874974 0.035614689732436089 0.014787486510781142 -0.029457252870717671 -0.030418196270805727 0.0099869721757902489 0.0079892063542261471 0.065698768765382151 0.15556184319922559 0.10481852398350322 0.11135241593234242 -0.041838982254266743 0.027670747790535962 0.029407327435910704 0.0084788964502513411 -0.035423732539017996 -0.059750680999830365 -0.067008119640928329
leaf_weight=30 70 64 140 147 87 152 155 153 157 23 160 179 68 100 26 113 162 74 121 23 26 29 20 20 74 36 50 75 400 66
leaf_count=30 70 64 140 147 87 152 155 153 157 23 160 179 68 100 26 113 162 74 121 23 26 29 20 20 74 36 50 75 400 66
internal_value=1.35707e-10 0.0391344 -0.0243955 0.00550624 0.0661772 -0.044958 -0.0317973 -0.00010647 0.0517178 -0.0177078 0.091968 -0.0105367 0.029664 0.0432649 -0.00863922 -0.0211813 -0.0193115 0.0249865 0.0180901 0.0317716 0.114999 0.128806 0.0777877 -0.00806597 0.0418165 0.0516919 0.0265694 -0.0441734 -0.055116 -0.046612
internal_weight=3000 1152 1848 753 682 1095 477 470 437 384 245 332 369 330 286 139 322 138 189 173 85 55 107 160 180 106 150 98 618 218
internal_count=3000 1152 1848 753 682 1095 477 470 437 384 245 332 369 330 286 139 322 138 189 173 85 55 107 160 180 106 150 98 618 218
is_linear=0
shrinkage=0.05


Tree=47
num_leaves=31
num_cat=0
split_feature=3 0 0 3 3 3 0 0 0 0 0 3 0 3 3 0 0 2 2 1 1 3 2 3 3 1 2 3 2 3
split_gain=1035.55 603.486 227.696 129.982 99.4439 71.6515 67.9939 64.9892 25.2913 25.0756 22.6029 24.1269 20.5189 20.3672 20.2899 15.2584 14.7898 13.9972 13.8711 13.7397 13.3446 13.5249 12.7092 15.267 12.3997 12.3502 12.2954 11.9557 10.9231 10.2069
threshold=15.90405321121216 3.5000000000000004 2.5000000000000004 6.1568281650543222 6.429286241531373 25.031608581542972 2.5000000000000004 1.5000000000000002 1.5000000000000002 4.5000000000000009 3.5000000000000004 25.184744834899906 2.5000000000000004 0.6728980839252473 1.8386867046356203 4.5000000000000009 1.5000000000000002 947.17956542968761 2606.351440429688 599348.03125000012 154052.79687500003 20.594912528991703 3141.858764648438 0.91412651538848888 10.310348987579347 902940.59375000012 2851.916137695313 10.169486045837404 1979.1105957031252 9.6821069717407244
decision_type=2 2 2 2 2 2 2 2 2 2 2 2 2 2 2 2 2 2 2 2 2 2 2 2 2 2 2 2 2 2
left_child=1 3 5 6 13 8 14 24 -2 18 11 19 29 -3 22 -15 -7 -16 -6 26 -10 -22 23 -1 -5 -14 -4 -11 -8 -9
right_child=2 4 10 7 9 16 28 12 20 27 -12 -13 25 15 17 -17 -18 -19 -20 -21 21 -23 -24 -25 -26 -27 -28 -29 -30 -31
leaf_value=0.12847131481394172 0.01973324655244748 0.051819310057908297 -0.023491387118378448 0.075397849260125216 -0.026816740982315464 -0.01823598217405379 0.032366855577715944 0.050148768952058165 0.021680413587301068 -0.025371447303907925 -0.054332714494497475 -0.059813545675327387 0.0079146344701643868 0.02079872268119029 0.11120427173154895 -0.0044685689421991503 -0.046174761133992839 0.074051073021026412 0.00095009129886007451 -0.011122428417499913 0.0022550484307272281 -0.028619115448824756 0.13800544022552427 0.069321544553774095 0.050416575730889146 0.047979968921704724 -0.053611318516777834 -0.050020074363459247 0.060327459920663386 0.027701683917109844
leaf_weight=20 180 30 72 82 92 100 62 80 33 89 539 84 153 119 32 120 90 122 88 76 69 73 31 24 126 22 64 110 80 138
leaf_count=20 180 30 72 82 92 100 62 80 33 89 539 84 153 119 32 120 90 122 88 76 69 73 31 24 126 22 64 110 80 138
internal_value=9.39084e-11 0.0271129 -0.0318282 0.0520302 -0.010263 -0.00668896 0.0753019 0.0376645 0.0065742 -0.0267646 -0.0482365 -0.0371356 0.0257029 0.0129866 0.0921576 0.00811222 -0.0314701 0.0817712 -0.0132418 -0.02815 -0.00696082 -0.0136169 0.113484 0.0962078 0.060265 0.0129514 -0.0376655 -0.0389963 0.0481193 0.0359391
internal_weight=3000 1620 1380 972 648 545 371 601 355 379 835 296 393 269 229 239 190 154 180 212 175 142 75 44 208 175 136 199 142 218
internal_count=3000 1620 1380 972 648 545 371 601 355 379 835 296 393 269 229 239 190 154 180 212 175 142 75 44 208 175 136 199 142 218
is_linear=0
shrinkage=0.05


Tree=48
num_leaves=31
num_cat=0
split_feature=3 0 0 3 0 3 0 3 3 3 3 2 0 2 3 0 0 0 3 1 1 1 0 2 2 2 3 2 4 4
split_gain=938.405 398.08 371.287 138.784 84.1058 48.6364 51.0666 41.133 38.6994 31.6871 22.8713 20.817 16.5214 15.9837 19.8221 15.2897 14.3879 12.8393 15.9666 12.379 11.6118 11.5326 11.298 11.2006 11.2922 10.7562 10.506 11.1798 10.3928 12.7554
threshold=11.150726318359377 3.5000000000000004 2.5000000000000004 18.988677978515629 1.5000000000000002 18.745632171630863 4.5000000000000009 4.5510237216949472 26.324682235717777 2.9618983268737797 3.6517024040222172 4006.0207519531255 1.5000000000000002 3391.3032226562505 7.8847513198852548 2.5000000000000004 4.5000000000000009 3.5000000000000004 26.044274330139164 316918.78125000006 226233.71093750003 154052.79687500003 1.5000000000000002 3270.5729980468755 4369.1840820312509 4369.1840820312509 0.76883831620216381 3141.858764648438 1.5000000000000002 2.5000000000000004
decision_type=2 2 2 2 2 2 2 2 2 2 2 2 2 2 2 2 2 2 2 2 2 2 2 2 2 2 2 2 2 2
left_child=1 4 3 22 10 6 19 16 12 26 28 13 -5 14 -9 -11 -3 18 -7 -4 -10 -14 23 -2 -25 -17 -6 -28 -1 -30
right_child=2 7 5 8 9 17 -8 11 20 15 -12 -13 21 -15 -16 25 -18 -19 -20 -21 -22 -23 -24 24 -26 -27 27 -29 29 -31
leaf_value=0.080555480507512892 0.051455036920184896 0.032607657524446651 -0.029658744455211696 0.00962843340624806 0.097969430563255008 -0.031787336636857393 -0.052200962464088833 0.0010962716554506469 -0.063680530712008479 0.050301949030076079 0.072133718238037547 0.014991366787274418 0.017715275535980859 -0.055700724392842793 -0.030410781242729473 0.023869664056847494 0.0048500310317565187 -0.053855477519358652 -0.060247936625691029 -0.0069893572141754116 -0.027389016876046907 -0.020054494308715223 0.020952645705368086 0.0097126798111606735 0.053585240244865419 0.06059055055451134 0.04353938544989519 0.080716166536634174 0.14257057958569092 0.094341064186702517
leaf_weight=30 90 90 90 142 26 179 134 104 27 157 160 57 24 26 96 150 97 442 68 182 120 128 156 44 22 23 42 39 26 29
leaf_count=30 90 90 90 142 26 179 134 104 27 157 160 57 24 26 96 150 97 442 68 182 120 128 156 44 22 23 42 39 26 29
internal_value=2.36204e-10 0.0354184 -0.022079 0.00494711 0.0598182 -0.0406641 -0.0269366 1.27841e-05 -0.013108 0.046671 0.0832685 -0.0120111 -0.0026346 -0.0188214 -0.0140271 0.0390044 0.0182093 -0.0487531 -0.0396226 -0.0144903 -0.0340548 -0.0140908 0.0304673 0.039982 0.0243369 0.0287516 0.0703158 0.0614393 0.104228 0.11714
internal_weight=3000 1152 1848 753 682 1095 406 470 441 437 245 283 294 226 200 330 187 689 247 272 147 152 312 156 66 173 107 81 85 55
internal_count=3000 1152 1848 753 682 1095 406 470 441 437 245 283 294 226 200 330 187 689 247 272 147 152 312 156 66 173 107 81 85 55
is_linear=0
shrinkage=0.05


Tree=49
num_leaves=31
num_cat=0
split_feature=3 0 0 3 0 3 3 3 0 3 3 3 2 2 0 3 0 3 2 0 2 2 3 4 1 1 0 1 2 0
split_gain=848.256 385.713 303.192 110.047 81.4688 45.7457 36.9599 35.2256 42.2725 28.0652 24.2411 20.4562 19.4209 20.2989 17.7667 16.706 14.8847 14.1798 16.3518 14.1878 13.8306 13.2235 13.336 11.1251 11.015 13.4701 10.7128 10.5432 10.4532 10.2335
threshold=12.30764961242676 3.5000000000000004 2.5000000000000004 22.6301383972168 1.5000000000000002 5.8921234607696542 4.7991502285003671 21.68216705322266 4.5000000000000009 6.1568281650543222 16.850616455078129 29.042363166809086 4006.0207519531255 4688.8017578125009 2.5000000000000004 0.6728980839252473 1.5000000000000002 0.76883831620216381 3947.499145507813 2.5000000000000004 928.16244506835949 3539.369262695313 7.8847513198852548 2.5000000000000004 840156.59375000012 234045.14843750003 1.5000000000000002 624509.50000000012 2662.3679199218755 4.5000000000000009
decision_type=2 2 2 2 2 2 2 2 2 2 2 2 2 2 2 2 2 2 2 2 2 2 2 2 2 2 2 2 2 2
left_child=1 4 3 10 9 15 17 8 20 -1 24 26 21 -14 -8 -3 -12 -6 19 -19 -4 22 -7 -21 25 -2 27 -5 -24 -17
right_child=2 5 7 11 6 12 14 -9 -10 -11 16 -13 13 -15 -16 29 -18 18 -20 23 -22 -23 28 -25 -26 -27 -28 -29 -30 -31
leaf_value=0.092410618281274129 0.047060443738511967 0.048476954414217441 -0.0016366479162504709 -0.015627671980175627 0.093070960489030075 -0.00085134248791345903 0.042129355867075016 -0.04991998609193822 -0.051834668931659569 0.059867144252096577 0.020611797892970258 -0.052275771944297722 0.034171907149036139 -0.028350845369554702 0.017667506027168461 0.019560079758916545 -0.0046101276399725579 0.066266115034493256 0.08270251640194172 0.01834334908769681 -0.026463296143629123 -0.061683136825449771 -0.036745791648005705 0.056994617345004252 0.056872818406878245 0.0155371921116228 -0.026968208353667124 0.015890780845895791 -0.0051968827196914287 -0.0024628367150823279
leaf_weight=132 51 30 69 83 26 67 158 485 172 133 116 46 34 21 140 106 118 49 37 52 300 20 97 29 36 101 112 39 36 105
leaf_count=132 51 30 69 83 26 67 158 485 172 133 116 46 34 21 140 106 118 49 37 52 300 20 97 29 36 101 112 39 36 105
internal_value=-1.07825e-10 0.0309885 -0.022811 0.00250891 0.0537354 -0.00233833 0.0416771 -0.0401352 -0.0313632 0.0760775 0.0186344 -0.0217946 -0.0162751 0.0102996 0.0306372 0.0135646 0.00789305 0.0587232 0.0533756 0.0450288 -0.0218209 -0.0229188 -0.0190423 0.0321815 0.032004 0.0261141 -0.0158025 -0.0055521 -0.0282062 0.00860081
internal_weight=3000 1272 1728 702 756 516 491 1026 541 265 422 280 275 55 298 241 234 193 167 130 369 220 200 81 188 152 234 122 133 211
internal_count=3000 1272 1728 702 756 516 491 1026 541 265 422 280 275 55 298 241 234 193 167 130 369 220 200 81 188 152 234 122 133 211
is_linear=0
shrinkage=0.05


Tree=50
num_leaves=31
num_cat=0
split_feature=3 0 0 3 3 0 3 0 3 3 0 0 3 0 1 0 0 2 1 2 2 3 1 3 1 3 2 1 1 2
split_gain=766.894 447.465 167.497 97.5436 74.2008 54.2461 53.7609 39.4528 24.0436 23.6538 19.3676 17.5981 18.7962 17.2169 13.6992 13.1849 12.4456 12.2631 11.8073 11.3226 11.3068 12.9481 11.2463 11.1228 10.9727 10.9636 9.57704 10.2959 9.56575 13.2682
threshold=15.90405321121216 3.5000000000000004 2.5000000000000004 7.7976799011230478 8.9416146278381365 2.5000000000000004 25.327569961547855 1.5000000000000002 1.8386867046356203 1.6801459789276125 1.5000000000000002 3.5000000000000004 26.044274330139164 4.5000000000000009 226233.71093750003 4.5000000000000009 2.5000000000000004 1304.8403930664065 599348.03125000012 2851.916137695313 3141.858764648438 0.91412651538848888 154052.79687500003 29.042363166809086 684118.06250000012 20.594912528991703 1304.8403930664065 160906.63281250003 460167.93750000006 3947.499145507813
decision_type=2 2 2 2 2 2 2 2 2 2 2 2 2 2 2 2 2 2 2 2 2 2 2 2 2 2 2 2 2 2
left_child=1 3 6 5 9 8 10 26 20 -3 -2 12 18 -11 -8 -6 -9 -10 19 -4 21 -1 -12 -16 -15 -24 -5 -28 -7 -30
right_child=2 4 11 7 15 28 14 16 17 13 22 -13 -14 24 23 -17 -18 -19 -20 -21 -22 -23 25 -25 -26 -27 27 -29 29 -31
leaf_value=0.11214635864831508 0.016652404383310806 0.030873733987981405 -0.020002617777700162 0.069805006183138715 -0.017238961756587602 0.026421358040821408 -0.056700520351638688 0.028033578460985194 0.085909597763562939 0.011348980544290196 0.019962101133370942 -0.04684240828066933 -0.054739537725553788 -0.0047721320081077385 -0.013073769911566627 -0.03927723172114192 0.0084598692669852135 0.058966347660749374 -0.0094589917851542991 -0.047787443226469419 0.12185825024160646 0.057673589093610644 0.0021807770690192348 -0.043977779066190131 -0.035796580471000393 -0.025180317584472974 0.071225114464759834 0.035707717187081774 0.039514767235495907 0.084905051404521592
leaf_weight=20 184 74 77 41 130 81 34 183 57 150 33 539 68 114 107 142 146 163 81 70 31 24 69 40 38 78 25 111 69 21
leaf_count=20 184 74 77 41 130 81 34 183 57 150 33 539 68 114 107 142 146 163 81 70 31 24 69 40 38 78 25 111 69 21
internal_value=1.59466e-10 0.0233324 -0.0273902 0.0447883 -0.00885142 0.0612934 -0.00582866 0.0295879 0.0742816 0.00553912 0.00524506 -0.0414633 -0.0316682 -0.000668695 -0.0280985 -0.0287442 0.0193474 0.0659471 -0.0247873 -0.0332335 0.0987293 0.0824339 -0.00641579 -0.021483 -0.0125282 -0.0123374 0.0486225 0.0422367 0.0388869 0.0501058
internal_weight=3000 1620 1380 972 648 466 545 506 295 376 364 835 296 302 181 272 329 220 228 147 75 44 180 147 152 147 177 136 171 90
internal_count=3000 1620 1380 972 648 466 545 506 295 376 364 835 296 302 181 272 329 220 228 147 75 44 180 147 152 147 177 136 171 90
is_linear=0
shrinkage=0.05


Tree=51
num_leaves=31
num_cat=0
split_feature=3 0 0 3 0 3 0 3 3 3 0 3 2 0 0 2 0 1 2 0 0 3 1 0 3 3 2 4 3 3
split_gain=697.111 293.953 272.157 103.019 63.7351 37.1034 39.2164 32.3079 24.8162 24.059 19.735 17.632 16.3374 13.7239 13.0526 12.0379 10.8566 10.8028 10.6752 10.1585 9.85543 12.2161 9.76821 11.3086 9.58428 9.50814 9.19938 8.91906 8.2515 8.23629
threshold=11.150726318359377 3.5000000000000004 2.5000000000000004 20.377864837646488 1.5000000000000002 18.745632171630863 4.5000000000000009 2.9618983268737797 3.5236308574676518 28.710180282592777 4.5000000000000009 2.6227082014083867 667.07009887695324 1.5000000000000002 2.5000000000000004 1961.894958496094 1.5000000000000002 316918.78125000006 4369.1840820312509 4.5000000000000009 3.5000000000000004 26.324682235717777 413571.29687500006 3.5000000000000004 13.705627441406252 0.76883831620216381 4051.447143554688 1.5000000000000002 7.7976799011230478 14.075252532958986
decision_type=2 2 2 2 2 2 2 2 2 2 2 2 2 2 2 2 2 2 2 2 2 2 2 2 2 2 2 2 2 2
left_child=1 4 3 13 11 6 17 19 25 16 26 15 -13 -2 -10 -1 -5 -4 -16 -3 21 -7 -19 -24 -15 -6 28 -27 -9 -25
right_child=2 7 5 9 8 20 -8 10 14 -11 -12 12 -14 24 18 -17 -18 22 -20 -21 -22 -23 23 29 -26 27 -28 -29 -30 -31
leaf_value=0.069433346161475548 0.032855727393180136 0.037770426870390242 -0.026214598857590723 0.00063371453547804825 0.085329995022262808 -0.027292775170290995 -0.045091496535000018 0.0081504000766000843 0.042715882530917001 -0.041492061285922928 -0.018885209087685154 0.10684866592288018 0.05898203118335138 0.028584258810288327 0.016583570534589167 0.11434808560780117 -0.01785248519320573 0.023990741319954396 0.053495998073207297 0.0090131864746046415 -0.046477127918863999 -0.052421665011030252 0.0043714865396420159 -0.045110146659943798 0.0051239618354222997 0.029041901903767743 0.028154312284416796 0.060988711925676543 -0.018633443413471635 -0.011390763239257716
leaf_weight=26 180 56 90 164 26 181 134 83 151 66 185 20 164 68 132 35 154 25 23 68 442 66 75 27 121 31 34 74 44 55
leaf_count=26 180 56 90 164 26 181 134 83 151 66 185 20 164 68 132 35 154 25 23 68 442 66 75 27 121 31 34 74 44 55
internal_value=-2.19249e-11 0.0305271 -0.0190299 0.00410881 0.0514942 -0.0349417 -0.0229517 0.000102415 0.0400494 -0.0140204 -0.00774539 0.0719081 0.0641849 0.022975 0.0322534 0.0952041 -0.00831872 -0.0120447 0.0220609 0.0220003 -0.0420068 -0.0340074 -0.00503756 -0.0096599 0.0135647 0.0582599 0.00505502 0.0515568 -0.00112904 -0.0224935
internal_weight=3000 1152 1848 753 682 1095 406 470 437 384 346 245 184 369 306 61 318 272 155 124 689 247 182 157 189 131 161 105 127 82
internal_count=3000 1152 1848 753 682 1095 406 470 437 384 346 245 184 369 306 61 318 272 155 124 689 247 182 157 189 131 161 105 127 82
is_linear=0
shrinkage=0.05


Tree=52
num_leaves=31
num_cat=0
split_feature=3 0 0 3 0 3 3 0 3 3 3 0 0 0 1 2 0 2 0 1 0 2 2 2 2 4 2 3 2 3
split_gain=629.325 278.322 225.861 84.7368 59.2437 32.5287 28.6511 35.1714 26.9485 21.2215 21.1756 18.2076 15.3419 13.4734 12.2648 10.5975 9.93872 10.2015 9.16805 9.15075 8.81451 10.3086 9.91925 9.84148 8.83535 8.78273 8.69859 8.69437 8.05703 7.9778
threshold=12.047929763793947 3.5000000000000004 2.5000000000000004 23.209966659545902 1.5000000000000002 2.9618983268737797 21.68216705322266 4.5000000000000009 4.7991502285003671 6.1568281650543222 18.016186714172367 4.5000000000000009 1.5000000000000002 2.5000000000000004 818306.25000000012 604.46920776367199 3.5000000000000004 4465.0976562500009 4.5000000000000009 370529.71875000006 1.5000000000000002 3604.267944335938 928.16244506835949 4245.5053710937509 2317.838012695313 2.5000000000000004 667.07009887695324 29.042363166809086 1108.2451782226565 16.376976013183597
decision_type=2 2 2 2 2 2 2 2 2 2 2 2 2 2 2 2 2 2 2 2 2 2 2 2 2 2 2 2 2 2
left_child=1 4 3 10 9 18 7 15 14 -1 20 26 -5 28 -6 -4 17 29 -3 -12 21 -2 -22 -23 -24 -21 -7 -14 -10 -17
right_child=2 5 6 12 8 11 -8 -9 13 -11 19 -13 27 -15 -16 16 -18 -19 -20 25 22 23 24 -25 -26 -27 -28 -29 -30 -31
leaf_value=0.079928223197489531 0.045549245306756352 0.035881906101712956 0.0046091256177295805 -0.009033687222999201 0.044307073479663436 -0.027136570507926602 -0.043045985361071515 -0.044972727519060889 0.060848184808024341 0.051467238498063617 0.018256034216377885 -0.018728383201651457 -0.027101030397794341 0.014831625490932539 0.075696757254310146 0.0057960128686467159 -0.030154581343648353 -0.043969987608168441 0.0085625272415414018 -0.014019361759604113 0.041732389782555404 -0.010386136369779706 -0.013918591555087798 0.038621910461889848 0.019248308960283012 0.010918738614887961 0.007115171993846852 -0.06126000034906294 0.031152764143001652 -0.017423260778664275
leaf_weight=132 80 56 46 134 154 21 485 175 28 130 75 205 98 133 39 61 157 23 68 82 28 20 31 21 57 62 158 23 124 94
leaf_count=132 80 56 46 134 154 21 485 175 28 130 75 205 98 133 39 61 157 23 68 82 28 20 31 21 57 62 158 23 124 94
internal_value=1.13055e-10 0.0271336 -0.019328 0.00239472 0.0466973 -0.00136486 -0.0341646 -0.0264173 0.0362233 0.0658064 0.0153027 -0.00855466 -0.0206878 0.0264537 0.0506501 -0.0178945 -0.0209845 -0.0128963 0.0209003 0.00409396 0.0256602 0.0351015 0.0158119 0.0147155 0.00756451 -0.00328212 0.00309681 -0.0335941 0.036623 -0.00828535
internal_weight=3000 1248 1752 711 740 508 1041 556 478 262 456 384 255 285 193 381 335 178 124 219 237 121 116 41 88 144 179 121 152 155
internal_count=3000 1248 1752 711 740 508 1041 556 478 262 456 384 255 285 193 381 335 178 124 219 237 121 116 41 88 144 179 121 152 155
is_linear=0
shrinkage=0.05


Tree=53
num_leaves=31
num_cat=0
split_feature=3 0 0 3 0 3 0 3 3 3 2 2 3 0 3 1 1 0 1 1 2 2 3 0 3 0 0 1 2 2
split_gain=572.588 248.92 217.13 98.777 52.9689 35.0714 36.6443 31.3769 27.3601 25.2253 15.2339 11.8027 12.9855 11.029 10.0768 10.7067 16.0492 10.0202 15.2661 14.3559 12.8703 9.81797 10.9551 9.48143 11.341 9.43199 8.67357 7.90976 8.55694 14.8127
threshold=10.169486045837404 2.5000000000000004 2.5000000000000004 18.988677978515629 4.5000000000000009 18.016186714172367 4.5000000000000009 0.76883831620216381 1.8386867046356203 26.836229324340824 1304.8403930664065 3826.6877441406255 29.374486923217777 1.5000000000000002 5.8921234607696542 197054.13281250003 453958.60937500006 3.5000000000000004 800690.87500000012 710161.62500000012 3046.4526367187505 3141.858764648438 0.91412651538848888 3.5000000000000004 26.324682235717777 1.5000000000000002 1.5000000000000002 154052.79687500003 2181.2663574218755 1273.1959228515627
decision_type=2 2 2 2 2 2 2 2 2 2 2 2 2 2 2 2 2 2 2 2 2 2 2 2 2 2 2 2 2 2
left_child=2 3 8 25 7 6 -3 -4 21 13 -10 12 -11 -5 -6 -16 -17 18 19 -9 -20 22 -1 24 -7 -2 -12 -15 29 -29
right_child=1 5 4 9 14 23 -8 17 10 11 26 -13 -14 27 15 16 -18 -19 20 -21 -22 -23 -24 -25 -26 -27 -28 28 -30 -31
leaf_value=0.098199299965053805 0.032727833025849716 -0.0090694394637422081 0.072707916552136695 0.0070818766106586191 0.0021859117488343001 -0.023606105543964383 -0.039944031938653569 0.025007255558590714 0.071814094579372656 -0.011142636867813194 0.055799145496360239 -0.062171182713725348 -0.049397248797298926 0.013436367334081576 -0.049024821558724285 0.017171149575733579 -0.028355520401073964 0.010422116395596776 0.027868464575537173 -0.020340907182544471 0.082177318222820761 0.10760621404455556 0.048094031944250069 -0.041729101590287969 -0.0476482806783734 0.016504732022321847 0.037059812352621582 -0.021764707464192595 -0.027532764064607685 0.031352829308958635
leaf_weight=20 187 285 29 151 124 191 145 137 78 78 124 22 31 26 23 32 49 186 24 20 20 31 24 469 66 172 123 35 77 21
leaf_count=20 187 285 29 151 124 191 145 137 78 78 124 22 31 26 23 32 49 186 24 20 20 31 24 469 66 172 123 35 77 21
internal_value=-1.31029e-10 -0.0159587 0.0298996 0.00548255 0.0119288 -0.0307969 -0.0194806 0.0225447 0.0588325 -0.0103693 0.0525506 -0.0287649 -0.0220224 -0.00259571 -0.00744062 -0.0189184 -0.0103697 0.0187857 0.0265252 0.0192304 0.0525543 0.0860538 0.0708692 -0.0374993 -0.0297804 0.0249552 0.0464674 -0.0117864 -0.0167171 -0.00184563
internal_weight=3000 1956 1044 800 644 1156 430 416 400 441 325 131 109 310 228 104 81 387 201 157 44 75 44 726 257 359 247 159 133 56
internal_count=3000 1956 1044 800 644 1156 430 416 400 441 325 131 109 310 228 104 81 387 201 157 44 75 44 726 257 359 247 159 133 56
is_linear=0
shrinkage=0.05


Tree=54
num_leaves=31
num_cat=0
split_feature=3 0 0 3 0 3 0 3 3 3 2 1 1 0 4 2 3 1 1 0 1 1 2 2 3 0 3 0 3 0
split_gain=516.761 224.65 195.959 89.1463 47.8044 31.7909 34.0415 28.3177 24.6924 23.0821 13.7486 12.5576 9.89016 9.62283 9.40472 11.2805 9.35222 9.93018 12.4826 9.04323 13.7776 12.9562 11.6155 8.86072 9.88695 8.51237 8.41759 7.8279 7.56611 6.94136
threshold=10.169486045837404 2.5000000000000004 2.5000000000000004 18.988677978515629 4.5000000000000009 19.425593376159672 4.5000000000000009 0.76883831620216381 1.8386867046356203 25.327569961547855 1304.8403930664065 226233.71093750003 361299.67187500006 3.5000000000000004 2.5000000000000004 2181.2663574218755 1.8386867046356203 684118.06250000012 197054.13281250003 3.5000000000000004 800690.87500000012 710161.62500000012 3046.4526367187505 3141.858764648438 0.91412651538848888 1.5000000000000002 6.5874056816101083 1.5000000000000002 29.042363166809086 1.5000000000000002
decision_type=2 2 2 2 2 2 2 2 2 2 2 2 2 2 2 2 2 2 2 2 2 2 2 2 2 2 2 2 2 2
left_child=2 3 8 25 7 6 13 -4 23 12 -10 -11 29 -3 -14 -16 -6 18 26 20 21 -9 -22 24 -1 -2 -18 -12 -13 -5
right_child=1 5 4 9 16 -7 -8 19 10 11 27 28 14 -15 15 -17 17 -19 -20 -21 22 -23 -24 -25 -26 -27 -28 -29 -30 -31
leaf_value=0.093289334252476708 0.031091441370840658 -0.0022263564607016297 0.069072521073294105 0.03065953625632184 0.013639615594663404 -0.036702236968121728 -0.03802742987828351 0.023756892699748278 0.068223389860194855 -0.050945245345835305 0.053009188610820039 -0.01029136583870538 -0.016948434915028367 -0.019007596463779919 0.027541510629303319 -0.012353921560822307 -0.0061688813973556867 -0.031036023035645482 0.0053857864369132114 0.0099010105052041598 0.026475040505950648 -0.0193238615244627 0.078068451881408707 0.10222590402249368 0.045689331352089843 0.015679494897918884 -0.050987872853875162 0.035206821582817696 -0.035779791979584842 0.0018579722894803406
leaf_weight=20 187 166 29 35 44 640 174 137 78 34 124 107 102 176 34 37 22 50 92 186 24 20 20 31 24 172 20 123 40 52
leaf_count=20 187 166 29 35 44 640 174 137 78 34 124 107 102 176 34 37 22 50 92 186 24 20 20 31 24 172 20 123 40 52
internal_value=7.05477e-11 -0.0151607 0.0284046 0.00520843 0.0113324 -0.029257 -0.0200226 0.0214175 0.0558908 -0.00985087 0.0499231 -0.0235608 -0.000306638 -0.0108623 -0.0072221 0.00675093 -0.00706859 -0.0120206 -0.00492523 0.0178464 0.0251989 0.0182689 0.0499266 0.0817511 0.0673257 0.0237074 -0.0275113 0.044144 -0.017227 0.0134448
internal_weight=3000 1956 1044 800 644 1156 516 416 400 441 325 181 260 342 173 71 228 184 134 387 201 157 44 75 44 359 42 247 147 87
internal_count=3000 1956 1044 800 644 1156 516 416 400 441 325 181 260 342 173 71 228 184 134 387 201 157 44 75 44 359 42 247 147 87
is_linear=0
shrinkage=0.05


Tree=55
num_leaves=31
num_cat=0
split_feature=3 0 0 3 3 0 3 0 2 3 2 0 0 2 3 0 3 1 1 1 3 2 4 1 1 3 0 3 2 2
split_gain=467.666 270.454 99.2686 62.6705 47.5961 34.398 33.5497 24.2907 15.0813 16.1942 13.0776 12.84 12.1592 11.9331 17.6321 11.6416 12.6038 11.3333 11.1324 9.89775 9.4191 8.90001 9.63474 8.83394 8.72804 9.74736 8.30765 7.84812 8.40598 10.6019
threshold=15.90405321121216 3.5000000000000004 2.5000000000000004 5.1152958869934091 6.429286241531373 1.5000000000000002 25.327569961547855 2.5000000000000004 4576.1394042968759 0.6728980839252473 1304.8403930664065 1.5000000000000002 2.5000000000000004 4143.1628417968759 10.169486045837404 3.5000000000000004 25.184744834899906 226233.71093750003 599348.03125000012 197054.13281250003 1.2348309159278872 3947.499145507813 2.5000000000000004 154052.79687500003 246552.79687500003 10.928921222686769 4.5000000000000009 9.2803268432617205 947.17956542968761 2662.3679199218755
decision_type=2 2 2 2 2 2 2 2 2 2 2 2 2 2 2 2 2 2 2 2 2 2 2 2 2 2 2 2 2 2
left_child=1 3 6 7 8 10 11 20 9 -3 -5 -2 27 26 -15 16 18 -8 19 -4 -1 22 -9 -13 -12 -26 -6 -7 -29 -30
right_child=2 4 15 5 13 12 17 21 -10 -11 24 23 -14 14 -16 -17 -18 -19 -20 -21 -22 -23 -24 -25 25 -27 -28 28 29 -31
leaf_value=0.083149634925078375 0.01324580940152215 0.050968506224453453 -0.006490161360869575 0.063764104010680542 -0.013754455273381967 0.037183566100295933 -0.048397983333287653 0.017384849742261899 -0.03038483460179784 0.0085210606896293332 0.053905499820678465 0.017841381557060009 0.0082805215039763458 0.031099887617996765 -0.019435738819754786 -0.036598370320911837 -0.04064744923795973 -0.016365642131616672 -0.002434963980493577 -0.035499115776053837 0.057770655766621028 0.062699626389890906 0.049262661648620115 -0.010785090638685744 0.040200550508995854 0.012340570606196437 -0.03026677449576648 0.042398658818725884 -0.0039959260710963505 0.025980640440785255
leaf_weight=49 184 25 43 52 143 87 34 63 22 222 46 33 191 28 45 539 84 147 76 93 144 25 38 147 75 54 163 29 54 65
leaf_count=49 184 25 43 52 143 87 34 63 22 222 46 33 191 28 45 539 84 147 76 93 144 25 38 147 75 54 163 29 54 65
internal_value=1.80484e-11 0.0182205 -0.0213892 0.0349011 -0.00680056 0.0260274 -0.00479027 0.0530659 0.0092841 0.0128174 0.0417481 0.00395765 0.0176504 -0.0182168 -5.22109e-05 -0.0322233 -0.0242565 -0.0223828 -0.017762 -0.0263272 0.064214 0.0359898 0.0293785 -0.0055369 0.0352062 0.0285382 -0.0225502 0.0252659 0.0182603 0.0123778
internal_weight=3000 1620 1380 972 648 653 545 319 269 247 227 364 426 379 73 835 296 181 212 136 193 126 101 180 175 129 306 235 148 119
internal_count=3000 1620 1380 972 648 653 545 319 269 247 227 364 426 379 73 835 296 181 212 136 193 126 101 180 175 129 306 235 148 119
is_linear=0
shrinkage=0.05


Tree=56
num_leaves=31
num_cat=0
split_feature=3 0 0 3 0 3 3 3 0 2 0 3 3 3 2 3 2 2 1 3 2 1 0 3 2 1 2 1 2 2
split_gain=423.923 183.655 157.869 61.1436 46.1235 27.1452 25.028 22.0315 25.8391 14.5913 12.966 12.258 12.0676 10.813 9.97868 9.32143 9.27146 8.91495 8.75229 8.72241 10.2352 8.89392 7.78484 12.3228 7.22476 6.96426 7.0929 6.44975 6.35392 6.11485
threshold=11.51478433609009 2.5000000000000004 2.5000000000000004 22.6301383972168 4.5000000000000009 0.76883831620216381 6.1568281650543222 21.68216705322266 4.5000000000000009 366.08822631835943 1.5000000000000002 3.5236308574676518 29.374486923217777 5.8921234607696542 4304.7185058593759 1.2348309159278872 1108.2451782226565 604.46920776367199 837731.87500000012 17.159157752990726 928.16244506835949 192478.43750000003 3.5000000000000004 12.894777297973635 4143.1628417968759 628641.03125000012 3640.910278320313 390675.23437500006 4465.0976562500009 2689.5454101562505
decision_type=2 2 2 2 2 2 2 2 2 2 2 2 2 2 2 2 2 2 2 2 2 2 2 2 2 2 2 2 2 2
left_child=1 6 3 10 5 -3 15 8 17 -7 29 25 18 -6 16 27 -8 -4 -5 20 -12 -22 23 -19 -15 26 -11 -1 -25 -2
right_child=2 4 7 12 13 9 14 -9 -10 11 19 -13 -14 24 -16 -17 -18 22 -20 -21 21 -23 -24 28 -26 -27 -28 -29 -30 -31
leaf_value=0.057148393853567542 0.030915860382460608 0.063867541299811731 0.0066394811456507831 -0.016128502261438749 0.0015167959620274844 -0.027805021749809384 0.05212967277401024 -0.035366503707104431 -0.036368283168700659 0.048378676596890997 0.042027222558304121 0.010656218764803637 -0.043340512194803782 -0.023809752522783098 0.062246868450893091 0.054394445265125907 0.026330607376581473 0.023892913075784842 0.0094400916190352305 -0.0043805706535318964 0.036683740839362149 -0.00089564111533675444 -0.024427942176214815 -0.01049194704602532 0.0074424617669799119 0.012413321863277815 0.014698021774264901 0.094056818287434257 -0.038834519417065644 0.014417178319910399
leaf_weight=20 108 29 47 205 124 20 45 485 186 54 27 303 35 116 32 180 154 24 40 114 20 74 166 141 22 38 22 29 23 117
leaf_count=20 108 29 47 205 124 20 45 485 186 54 27 303 35 116 32 180 154 24 40 114 20 74 166 141 22 38 22 29 23 117
internal_value=9.4441e-11 0.0232126 -0.0152188 0.00254434 0.00758556 0.0170223 0.0479441 -0.0274808 -0.0209653 0.0139136 0.0137575 0.0159145 -0.0158773 -0.00919891 0.0363318 0.0596577 0.0321646 -0.0138207 -0.011954 0.00554361 0.0148937 0.00709997 -0.0165372 -0.00956983 -0.0188275 0.0298904 0.038629 0.0789922 -0.0144668 0.0223365
internal_weight=3000 1188 1812 740 728 466 460 1072 587 437 460 417 280 262 231 229 199 401 245 235 121 94 354 188 138 114 76 49 164 225
internal_count=3000 1188 1812 740 728 466 460 1072 587 437 460 417 280 262 231 229 199 401 245 235 121 94 354 188 138 114 76 49 164 225
is_linear=0
shrinkage=0.05


Tree=57
num_leaves=31
num_cat=0
split_feature=3 0 0 3 0 3 0 3 3 3 2 2 2 2 3 0 0 2 3 1 3 1 1 1 1 0 1 1 2 3
split_gain=383.927 165.595 143.565 67.3453 36.9161 23.9219 26.1077 21.9342 18.5481 14.4618 11.3702 11.0326 10.624 16.7599 12.7897 9.61604 9.58242 7.9567 8.27273 7.63154 8.06668 7.3998 8.88466 7.30086 9.03274 6.96869 12.5539 11.354 10.2295 6.92192
threshold=10.169486045837404 2.5000000000000004 2.5000000000000004 20.377864837646488 4.5000000000000009 18.745632171630863 4.5000000000000009 0.76883831620216381 1.8386867046356203 27.831704139709476 1304.8403930664065 540.85943603515636 2689.5454101562505 3353.5559082031255 24.508625984191898 1.5000000000000002 1.5000000000000002 3141.858764648438 0.91412651538848888 840156.59375000012 1.8386867046356203 316918.78125000006 374176.32812500006 197054.13281250003 684118.06250000012 3.5000000000000004 800690.87500000012 710161.62500000012 3046.4526367187505 13.705627441406252
decision_type=2 2 2 2 2 2 2 2 2 2 2 2 2 2 2 2 2 2 2 2 2 2 2 2 2 2 2 2 2 2
left_child=2 3 8 15 7 6 21 -4 17 11 -10 -5 -13 -14 -15 -2 -16 18 -1 20 -6 -3 -23 -22 -25 26 27 -9 -28 -17
right_child=1 5 4 9 19 -7 -8 25 10 -11 -12 12 13 14 16 29 -18 -19 -20 -21 23 22 -24 24 -26 -27 28 -29 -30 -31
leaf_value=0.080502713946625601 0.025851366548675942 -0.019200104018297012 0.060674164174445745 -0.03901765619150617 0.018187773286512023 -0.031091813648427759 -0.03288773928692787 0.02056667794860954 0.059479789681380429 -0.027255169397258028 0.037581972810458622 0.0082535576977305052 -0.039543514622327608 0.015854832403502377 0.00024501179158687591 0.021673062525778303 -0.046188208684325216 0.089824954071833246 0.036961546385039887 -0.02815066040698987 -0.025322835910178365 0.029085212470963597 -0.0059591087268754134 0.0059457284368007735 -0.029718016418205068 0.0086152487415670151 0.023640315188094976 -0.019762427769601347 0.072057932838797564 0.0029908680128056774
leaf_weight=20 211 99 29 22 38 689 159 137 78 98 247 127 39 53 25 84 20 31 24 34 42 20 189 92 22 186 24 20 20 121
leaf_count=20 211 99 29 22 38 689 159 137 78 98 247 127 39 53 25 84 20 31 24 34 42 20 189 92 22 186 24 20 20 121
internal_value=-8.95341e-11 -0.0130677 0.0244832 0.00442043 0.00987044 -0.0251702 -0.0164337 0.0187329 0.0480097 -0.010679 0.0428374 -0.00499901 -0.00216412 -0.0118214 -0.00078911 0.0183583 -0.020392 0.0704227 0.056753 -0.00629972 -0.00247017 -0.00793954 -0.00260559 -0.00750223 -0.000936749 0.01559 0.0220443 0.0154292 0.0456483 0.010646
internal_weight=3000 1956 1044 800 644 1156 467 416 400 384 325 286 264 137 98 416 45 75 44 228 194 308 209 156 114 387 201 157 44 205
internal_count=3000 1956 1044 800 644 1156 467 416 400 384 325 286 264 137 98 416 45 75 44 228 194 308 209 156 114 387 201 157 44 205
is_linear=0
shrinkage=0.05


Tree=58
num_leaves=31
num_cat=0
split_feature=3 0 0 3 3 0 0 3 0 2 3 2 2 2 3 0 3 2 2 2 2 1 1 1 2 0 2 2 3 2
split_gain=348.237 210.852 65.0347 50.704 38.6577 28.3078 20.6109 23.2645 18.4924 13.6412 13.1807 12.2839 21.9501 12.0479 13.7965 9.05062 8.85824 8.78206 9.38392 7.72583 7.48759 7.06012 6.88845 6.73964 6.62644 6.51488 8.58643 6.37104 5.79676 7.38923
threshold=16.850616455078129 3.5000000000000004 1.5000000000000002 5.1152958869934091 6.429286241531373 1.5000000000000002 3.5000000000000004 24.508625984191898 1.5000000000000002 4576.1394042968759 0.6728980839252473 3480.9289550781255 4369.1840820312509 4143.1628417968759 10.169486045837404 2.5000000000000004 22.6301383972168 1548.7481689453127 2689.5454101562505 3922.972778320313 4623.3518066406259 837731.87500000012 802465.46875000012 902940.59375000012 4257.6879882812509 4.5000000000000009 3509.134643554688 4174.1804199218759 9.2803268432617205 928.16244506835949
decision_type=2 2 2 2 2 2 2 2 2 2 2 2 2 2 2 2 2 2 2 2 2 2 2 2 2 2 2 2 2 2
left_child=1 3 16 8 9 11 7 20 -1 10 -3 -5 -13 25 -15 28 17 -2 -19 -20 24 -18 -10 27 -4 -6 -27 -17 -7 -30
right_child=2 4 6 5 13 15 -8 -9 22 -11 -12 12 -14 14 -16 23 21 18 19 -21 -22 -23 -24 -25 -26 26 -28 -29 29 -31
leaf_value=0.062140208661177122 -0.011723996022785153 0.045825813293457029 -0.0098276502995727714 0.043004083274946321 -0.013026497709223178 0.031201463681779503 -0.032126447774557337 -0.031486534986110169 0.031861912537437337 -0.029680832720954311 0.0075308721514129266 -0.0036022815108299258 0.050566967818303971 0.02942557451980455 -0.014571321025794868 0.0070422614081912943 -0.010074238650134354 0.045433810587834432 -0.012866280839333069 0.023671495902519199 -0.036896535598983364 0.02012640105803376 0.053336095292957464 0.031471725770582756 0.019928515534847976 -0.023154137907803466 -0.057952216784469782 -0.020158166389912368 0.037084780070900679 0.0098982410101118943
leaf_weight=113 27 25 290 169 154 87 511 202 157 22 222 45 32 28 49 155 122 27 23 39 24 23 49 24 20 156 20 25 31 129
leaf_count=113 27 25 290 169 154 87 511 202 157 22 222 45 32 28 49 155 122 27 23 39 24 23 49 24 20 156 20 25 31 129
internal_value=-8.51947e-11 0.0149779 -0.0193751 0.0293753 -0.00666084 0.0218188 -0.0249416 -0.0180919 0.045886 0.00804655 0.0114069 0.0354623 0.0189096 -0.0163814 0.00142755 0.0143768 0.00295509 0.0132537 0.0208312 0.0101172 -0.00999091 -0.00528379 0.0369698 0.00658293 -0.0079079 -0.0205369 -0.0271085 0.00326442 0.0208139 0.0151656
internal_weight=3000 1692 1308 1016 676 697 1047 536 319 269 247 246 77 407 77 451 261 116 89 62 334 145 206 204 310 330 176 180 247 160
internal_count=3000 1692 1308 1016 676 697 1047 536 319 269 247 246 77 407 77 451 261 116 89 62 334 145 206 204 310 330 176 180 247 160
is_linear=0
shrinkage=0.05


Tree=59
num_leaves=31
num_cat=0
split_feature=3 0 0 3 0 3 0 3 3 0 1 2 3 3 3 1 2 3 3 3 4 2 0 2 2 1 3 1 3 2
split_gain=315.318 135.803 117.769 54.7414 31.3032 20.2049 21.7314 18.7937 16.0077 13.4635 10.4479 9.34786 8.72062 7.18745 8.42756 6.91559 6.77949 8.31276 7.89471 7.88243 7.53562 6.55629 6.35617 10.1602 6.35191 7.42183 6.57382 8.35414 6.00666 5.84005
threshold=10.169486045837404 2.5000000000000004 2.5000000000000004 20.466814994812015 4.5000000000000009 21.68216705322266 4.5000000000000009 0.76883831620216381 2.6227082014083867 1.5000000000000002 751478.40625000012 667.07009887695324 29.042363166809086 13.604013442993166 13.063327312469484 840156.59375000012 2662.3679199218755 1.8386867046356203 7.9939610958099374 7.9939610958099374 1.5000000000000002 1636.266784667969 3.5000000000000004 4623.3518066406259 4257.6879882812509 746534.78125000012 3.5236308574676518 628641.03125000012 9.4509568214416522 3459.9172363281255
decision_type=2 2 2 2 2 2 2 2 2 2 2 2 2 2 2 2 2 2 2 2 2 2 2 2 2 2 2 2 2 2
left_child=2 3 8 13 7 6 22 -4 10 -5 -1 -10 -11 14 -2 16 18 -18 21 20 -19 -6 23 -3 26 -26 27 -9 -13 -15
right_child=1 5 4 9 15 -7 -8 24 11 12 -12 28 -14 29 -16 -17 17 19 -20 -21 -22 -23 -24 -25 25 -27 -28 -29 -30 -31
leaf_value=0.052271418549169446 0.019198032579429092 -0.0019460575876021108 0.055936747994916193 -0.00063395550850913938 0.0072621065033401586 -0.03057774579296484 -0.030066040450368415 0.031308571728941519 0.062495736427166881 -0.015422799282957459 0.09139863953671673 0.036903658907148772 -0.048336420791304631 0.016991204855351893 0.048685496713345253 -0.026737891525194485 0.035717566832900054 -0.034789636433124542 -0.038832584165391475 0.02577214353673515 0.0033038739366708578 -0.023301308721836125 -0.017144735832549045 -0.037621094879101626 0.0160586646376344 0.054240591712296005 0.0067791404953613816 0.00099371670829978857 0.0096343044191598906 0.0016493663103889903
leaf_weight=76 126 215 29 193 47 485 220 73 34 161 22 246 23 169 30 34 20 20 21 21 37 28 214 22 35 20 226 33 22 98
leaf_count=76 126 215 29 193 47 485 220 73 34 161 22 246 23 169 30 34 20 20 21 21 37 28 214 22 35 20 226 33 22 98
internal_value=1.92805e-10 -0.0118427 0.022188 0.00399438 0.00895305 -0.0228026 -0.0171827 0.017114 0.0434963 -0.00985985 0.0610551 0.0377984 -0.019537 0.016342 0.0248687 -0.00593716 -0.00229167 0.00695936 -0.0117354 -0.000414543 -0.0100623 -0.00414824 -0.0108981 -0.00525766 0.0142048 0.029943 0.0115976 0.0218709 0.0346651 0.0113601
internal_weight=3000 1956 1044 800 644 1156 671 416 400 377 98 302 184 423 156 228 194 98 96 78 57 75 451 237 387 55 332 106 268 267
internal_count=3000 1956 1044 800 644 1156 671 416 400 377 98 302 184 423 156 228 194 98 96 78 57 75 451 237 387 55 332 106 268 267
is_linear=0
shrinkage=0.05


Tree=60
num_leaves=31
num_cat=0
split_feature=3 0 0 3 0 3 3 0 3 3 2 2 2 3 0 3 1 1 1 2 1 1 2 1 2 1 2 2 1 3
split_gain=285.985 127.261 99.3405 38.4844 30.7545 16.9898 13.7695 13.7299 13.4145 12.2439 10.0872 26.7184 13.428 9.88909 9.78921 9.56119 8.80424 8.76511 10.0499 7.90391 8.37686 8.65579 8.84492 8.45217 7.59834 6.83987 6.70331 13.317 6.46445 6.32665
threshold=12.30764961242676 3.5000000000000004 2.5000000000000004 23.209966659545902 1.5000000000000002 2.9618983268737797 4.7991502285003671 3.5000000000000004 21.348713874816898 9.1587767601013201 4006.0207519531255 4762.9458007812509 3604.267944335938 7.5695319175720224 1.5000000000000002 16.850616455078129 788917.18750000012 840156.59375000012 234045.14843750003 1108.2451782226565 603934.96875000012 432210.00000000006 3244.599731445313 837731.87500000012 1399.3988037109377 729118.34375000012 3972.6342773437505 2851.916137695313 849431.06250000012 9.1587767601013201
decision_type=2 2 2 2 2 2 2 2 2 2 2 2 2 2 2 2 2 2 2 2 2 2 2 2 2 2 2 2 2 2
left_child=1 4 3 15 9 26 16 8 -4 -1 12 25 13 -7 28 17 -6 18 -2 -8 21 29 -23 -22 -20 -12 27 -3 -5 -21
right_child=2 5 7 14 6 10 19 -9 -10 -11 11 -13 -14 -15 -16 -17 -18 -19 24 20 23 22 -24 -25 -26 -27 -28 -29 -30 -31
leaf_value=0.051288075448906761 0.031512182235133412 0.0077471342380909664 -0.0059447562589900957 -0.0095422396771283006 0.028251483569534233 0.0017039492177166817 0.034832225146466028 -0.027368564158955652 -0.025406078973884239 0.027020669925275825 0.040632003076219309 -0.038611799070522902 -0.049921065247617663 -0.016668506238508869 -0.024560999583591484 0.0038602658787932837 0.053706608746539465 0.040857563145820883 0.02442157297045924 0.021754619693857127 -0.011154134226116268 0.057512933982966044 0.017351194846861321 0.019052657824940981 -0.0050559251258770624 0.0052448621591214438 -0.0060593769853485042 0.047064297883348039 0.021276919967494909 -0.0044046161965908192
leaf_weight=194 51 62 186 114 149 145 51 671 169 71 36 21 20 148 121 259 44 36 32 59 55 26 29 40 69 22 29 33 20 38
leaf_count=194 51 62 186 114 149 145 51 671 169 71 36 21 20 148 121 259 44 36 32 59 55 26 29 40 69 22 29 33 20 38
internal_value=-1.50447e-11 0.0179932 -0.013245 0.00124826 0.0310591 -0.00114976 0.0236503 -0.0231615 -0.0152094 0.0447862 -0.00625254 0.00971255 -0.0102821 -0.00757634 -0.0142516 0.0100905 0.0340547 0.0186735 0.0134194 0.0169119 0.0132117 0.0204912 0.0363367 0.00156452 0.00428348 0.0272093 0.0149816 0.0214047 -0.00494237 0.0115067
internal_weight=3000 1272 1728 702 756 516 491 1026 355 265 392 79 313 293 255 447 193 188 152 298 247 152 55 95 101 58 124 95 134 97
internal_count=3000 1272 1728 702 756 516 491 1026 355 265 392 79 313 293 255 447 193 188 152 298 247 152 55 95 101 58 124 95 134 97
is_linear=0
shrinkage=0.05


Tree=61
num_leaves=31
num_cat=0
split_feature=3 0 0 3 3 0 0 3 0 2 3 2 2 2 3 3 1 1 1 3 2 2 3 4 1 0 3 3 2 2
split_gain=259.693 155.829 49.4016 38.1991 28.0522 22.0991 15.1636 18.0394 14.1566 12.4175 13.6237 11.0004 10.3238 19.1721 7.86749 7.44605 6.98145 10.947 10.685 10.621 9.33892 8.86399 8.12881 7.71369 7.58302 6.67596 9.0139 12.9095 8.77732 6.42824
threshold=16.850616455078129 3.5000000000000004 1.5000000000000002 5.1152958869934091 8.9416146278381365 1.5000000000000002 3.5000000000000004 26.324682235717777 1.5000000000000002 4669.2961425781259 0.6728980839252473 4143.1628417968759 3480.9289550781255 4369.1840820312509 6.429286241531373 26.324682235717777 837731.87500000012 603934.96875000012 397413.21875000006 13.063327312469484 3141.858764648438 979.24649047851574 10.085731983184816 1.5000000000000002 158529.86718750003 4.5000000000000009 14.075252532958986 12.446928024291994 2270.0502929687505 3539.369262695313
decision_type=2 2 2 2 2 2 2 2 2 2 2 2 2 2 2 2 2 2 2 2 2 2 2 2 2 2 2 2 2 2
left_child=1 3 15 8 9 12 7 -4 -1 10 -3 14 -5 -14 -12 -2 17 18 23 20 -20 -19 -18 24 -7 26 27 28 -6 -23
right_child=2 4 6 5 25 16 -8 -9 -10 -11 11 -13 13 -15 -16 -17 22 21 19 -21 -22 29 -24 -25 -26 -27 -28 -29 -30 -31
leaf_value=0.053863867580379671 0.0081937883851186718 0.041226932184770707 -0.010359294286638033 0.037721358569264528 -0.027755710296332836 0.012101979260130423 -0.027745811048067684 -0.031438984773258731 0.031841093190782932 -0.033929239319903513 0.0050336840454432812 0.0275242142053321 -0.0054064376446573692 0.04521903523709625 -0.012822725463742286 -0.010324423247343534 0.045258001855108893 0.021093353415252987 0.051735907638530171 -0.0010529427006840707 0.017397050743198229 -0.019727460844885737 0.011054881829094436 0.014191950844681781 -0.026644578569435647 -0.024141910599096667 0.0081518999624009044 -0.045342826507985594 0.010152535719444624 0.01280897043645382
leaf_weight=113 184 25 400 169 26 23 511 136 206 21 201 40 45 32 89 77 32 27 44 25 36 63 38 115 28 158 49 30 37 20
leaf_count=113 184 25 400 169 26 23 511 136 206 21 201 40 45 32 89 77 32 27 44 25 36 63 38 115 28 158 49 30 37 20
internal_value=-1.47551e-10 0.0129343 -0.0167315 0.0253115 -0.00566804 0.0187526 -0.0215831 -0.0157079 0.0396423 0.00342999 0.00563997 0.00294399 0.0308074 0.0156327 -0.000446386 0.00273056 0.0121772 0.00951074 0.0149104 0.0273938 0.0362834 -0.00379209 0.0266906 0.00701429 -0.00917064 -0.0170709 -0.00920314 -0.0183472 -0.00549214 -0.0118874
internal_weight=3000 1692 1308 1016 676 697 1047 536 319 376 355 330 246 77 290 261 451 381 271 105 80 110 70 166 51 300 142 93 63 83
internal_count=3000 1692 1308 1016 676 697 1047 536 319 376 355 330 246 77 290 261 451 381 271 105 80 110 70 166 51 300 142 93 63 83
is_linear=0
shrinkage=0.05


Tree=62
num_leaves=31
num_cat=0
split_feature=3 0 0 3 3 0 0 3 0 2 3 2 2 2 3 3 2 2 2 1 1 1 1 1 2 4 4 1 2 1
split_gain=234.373 140.636 44.5849 34.4746 25.3171 19.9444 13.6852 16.2806 12.7763 11.2068 12.2954 9.92784 9.31724 17.3028 7.10041 6.92809 8.01876 8.29158 7.08305 6.30076 9.8797 9.68192 10.8203 8.43669 12.7145 7.98491 6.19719 7.7443 7.6628 6.15744
threshold=16.850616455078129 3.5000000000000004 1.5000000000000002 5.1152958869934091 8.9416146278381365 1.5000000000000002 3.5000000000000004 26.324682235717777 1.5000000000000002 4669.2961425781259 0.6728980839252473 4143.1628417968759 3480.9289550781255 4369.1840820312509 6.429286241531373 22.6301383972168 1548.7481689453127 2689.5454101562505 3922.972778320313 837731.87500000012 603934.96875000012 311784.01562500006 197054.13281250003 666000.68750000012 1118.4397583007815 2.5000000000000004 1.5000000000000002 849431.06250000012 3270.5729980468755 176242.92187500003
decision_type=2 2 2 2 2 2 2 2 2 2 2 2 2 2 2 2 2 2 2 2 2 2 2 2 2 2 2 2 2 2
left_child=1 3 15 8 9 12 7 29 -1 10 -3 14 -5 -14 -12 16 -2 -18 -19 20 21 22 -7 -22 -25 -21 28 -28 -6 -4
right_child=2 4 6 5 26 19 -8 -9 -10 -11 11 -13 13 -15 -16 -17 17 18 -20 25 23 -23 -24 24 -26 -27 27 -29 -30 -31
leaf_value=0.051170673511460818 -0.012165749459354967 0.039165584161877633 0.0037458569270329201 0.035835290691379966 -0.017514742935697238 0.014565676242097418 -0.026358519440586089 -0.029867035056026104 0.030249038981318983 -0.032232777419544403 0.0047819995881690745 0.026148003593552863 -0.0051361162111990986 0.042958084377460182 -0.012181589262706511 -0.0046921752961673613 0.042068887115628638 -0.013135242518847404 0.02184958721164805 0.037553896494817156 -0.025707585833245714 0.023442847906794077 -0.01574482756815004 0.035437218712953231 -0.0081787575645880274 0.001976886298507452 -0.025654694125402028 0.0011959262890741231 0.010530342554628123 -0.012673703729198949
leaf_weight=113 27 25 69 169 60 89 511 136 206 21 201 40 45 32 89 145 27 23 39 46 31 138 44 24 55 24 167 32 41 331
leaf_count=113 27 25 69 169 60 89 511 136 206 21 201 40 45 32 89 145 27 23 39 46 31 138 44 24 55 24 167 32 41 331
internal_value=4.99558e-11 0.0122876 -0.015895 0.0240459 -0.00538463 0.017815 -0.020504 -0.0149225 0.0376602 0.00325849 0.00535797 0.00279679 0.0292671 0.0148511 -0.000424067 0.00259403 0.0117018 0.0189425 0.00887134 0.0115684 0.0090352 0.0141649 0.00453814 -0.00360249 0.00507167 0.0253561 -0.0162173 -0.021337 -0.0061301 -0.00984133
internal_weight=3000 1692 1308 1016 676 697 1047 536 319 376 355 330 246 77 290 261 116 89 62 451 381 271 133 110 79 70 300 199 101 400
internal_count=3000 1692 1308 1016 676 697 1047 536 319 376 355 330 246 77 290 261 116 89 62 451 381 271 133 110 79 70 300 199 101 400
is_linear=0
shrinkage=0.05


Tree=63
num_leaves=31
num_cat=0
split_feature=3 0 0 3 0 3 3 2 3 0 3 1 2 2 2 3 3 3 1 1 1 1 4 2 0 2 2 1 1 1
split_gain=212.848 95.1402 79.394 31.022 25.3928 16.5323 14.8947 12.6449 11.8646 14.6112 8.38898 8.51012 7.82815 7.69465 7.23137 7.20056 7.1831 6.93579 6.8791 6.55187 6.65015 6.4472 8.2318 7.4308 8.50173 7.02889 6.4327 11.4195 10.6452 7.03487
threshold=11.51478433609009 2.5000000000000004 2.5000000000000004 23.209966659545902 4.5000000000000009 0.76883831620216381 1.8386867046356203 366.08822631835943 21.68216705322266 4.5000000000000009 29.374486923217777 843888.53125000012 604.46920776367199 1108.2451782226565 3141.858764648438 0.91412651538848888 3.5236308574676518 17.39902496337891 146036.14062500003 628641.03125000012 185388.83593750003 370529.71875000006 2.5000000000000004 1548.7481689453127 1.5000000000000002 2181.2663574218755 1399.3988037109377 185388.83593750003 486704.26562500006 710161.62500000012
decision_type=2 2 2 2 2 2 2 2 2 2 2 2 2 2 2 2 2 2 2 2 2 2 2 2 2 2 2 2 2 2
left_child=1 6 3 17 5 -3 14 -7 9 12 11 -5 -4 -8 15 -1 19 26 -14 20 -9 -19 23 -23 -25 -24 28 -28 -2 -29
right_child=2 4 8 10 -6 7 13 16 -10 -11 -12 -13 18 -15 -16 -17 -18 21 -20 -21 -22 22 25 24 -26 -27 27 29 -30 -31
leaf_value=0.063758835121989252 0.0092806001160986341 0.048760758815654393 0.0098469487629196748 -0.012965516098995215 -0.0072532799398839359 -0.029060064029617933 0.043658086395866817 0.010888683285426212 -0.025266419473421023 -0.026280840493798738 -0.035042328674878394 0.013920675784216397 -0.027949721715413035 0.026543287245558263 0.073130041414931901 0.023137074150145057 0.0076138373051705486 0.014750544389387894 -0.0088496425645363409 0.0053858724373735886 0.041792527278552635 -0.038299505412578587 0.026332815374646868 0.0097034472750153321 -0.024977441970258953 -0.0060893275018315766 0.035179282429495029 -0.0058447082636384181 0.04698509916973611 0.017896329438313843
leaf_weight=20 39 29 47 185 262 20 84 27 485 186 35 35 56 301 31 24 303 81 298 38 49 21 35 43 30 32 35 83 36 50
leaf_count=20 39 29 47 185 262 20 84 27 485 186 35 35 56 301 31 24 303 81 298 38 49 21 35 43 30 32 35 83 36 50
internal_value=-1.16234e-10 0.0164481 -0.0107838 0.00181315 0.00520053 0.0122025 0.0342485 0.00977639 -0.0194795 -0.0146981 -0.0123054 -0.00868817 -0.00932561 0.0302774 0.0546333 0.0416015 0.0116391 0.0092363 -0.0118711 0.0223376 0.0308135 0.00324471 -0.00254394 -0.012089 -0.00454897 0.0108476 0.0152032 0.00976774 0.0273788 0.00308049
internal_weight=3000 1188 1812 740 728 466 460 437 1072 587 255 220 401 385 75 44 417 485 354 114 76 242 161 94 73 67 243 168 75 133
internal_count=3000 1188 1812 740 728 466 460 437 1072 587 255 220 401 385 75 44 417 485 354 114 76 242 161 94 73 67 243 168 75 133
is_linear=0
shrinkage=0.05


Tree=64
num_leaves=31
num_cat=0
split_feature=3 0 0 3 0 3 3 0 3 3 0 2 2 3 1 1 1 1 1 1 1 1 1 3 2 1 2 1 1 2
split_gain=192.61 83.412 74.5185 33.6771 20.9032 13.4479 12.9064 14.8649 11.4509 10.0979 8.08491 7.87769 6.52631 6.4985 6.32289 8.52738 6.22806 10.0926 6.10186 11.7546 7.36906 5.96402 5.831 5.73037 5.35792 6.37466 5.10197 5.05631 4.96506 5.72321
threshold=10.169486045837404 2.5000000000000004 2.5000000000000004 20.466814994812015 4.5000000000000009 0.76883831620216381 18.745632171630863 4.5000000000000009 1.8386867046356203 29.374486923217777 1.5000000000000002 1304.8403930664065 3141.858764648438 0.91412651538848888 670680.43750000012 218959.67187500003 165369.53125000003 737194.93750000012 308546.34375000006 362445.93750000006 197054.13281250003 442204.09375000006 523043.68750000006 6.8164260387420663 4257.6879882812509 746534.78125000012 1860.9163208007815 137760.42968750003 320801.78125000006 3204.783813476563
decision_type=2 2 2 2 2 2 2 2 2 2 2 2 2 2 2 2 2 2 2 2 2 2 2 2 2 2 2 2 2 2
left_child=2 3 8 -2 5 -4 7 18 12 10 -5 16 13 -1 15 23 -10 -18 20 -20 27 -21 -23 -6 -7 -26 -9 -3 -17 -30
right_child=1 6 4 9 14 24 -8 26 11 -11 -12 -13 -14 -15 -16 28 17 -19 19 21 -22 22 -24 -25 25 -27 -28 -29 29 -31
leaf_value=0.060570893771946438 0.012840804337286094 -0.015392922497250969 0.046322722188678798 0.002373282355124089 -0.0032642462344311587 0.0086269618726983466 -0.02219481179085175 -0.010810046747107716 0.06813986513763666 -0.03329021235661847 -0.013008629967339678 0.025852726486620875 0.06947353867393348 0.021980220234642425 -0.018539830212696239 0.026516297725694523 0.018259547453592807 0.060608220150849469 0.036169052124023438 -0.028604424751194363 -0.036054543592035769 0.021903357402576755 -0.0046778803413296691 -0.035487939789891246 0.012608312208737647 0.047994267605245111 -0.029998525997830761 0.014822068428620697 -0.0088915109931630033 0.019353964364212328
leaf_weight=20 423 45 29 176 37 332 689 51 20 35 166 247 31 24 65 28 34 24 20 22 30 24 147 22 35 20 108 20 47 29
leaf_count=20 423 45 29 176 37 332 689 51 20 35 166 247 31 24 65 28 34 24 20 22 30 24 147 22 35 20 108 20 47 29
internal_value=1.41041e-10 -0.00925581 0.0173414 0.00315596 0.00681352 0.0134824 -0.0178453 -0.0114281 0.0342912 -0.00771059 -0.00509279 0.0302272 0.0519016 0.0395214 -0.0053543 -9.62669e-05 0.0440797 0.0357831 -0.0050187 -0.000318705 -0.0155566 -0.00409982 -0.00094718 -0.0152799 0.0110215 0.0254759 -0.0238437 -0.006096 0.0085175 0.00188637
internal_weight=3000 1956 1044 800 644 416 1156 467 400 377 342 325 75 44 228 163 78 58 308 213 95 193 171 59 387 55 159 65 104 76
internal_count=3000 1956 1044 800 644 416 1156 467 400 377 342 325 75 44 228 163 78 58 308 213 95 193 171 59 387 55 159 65 104 76
is_linear=0
shrinkage=0.05


Tree=65
num_leaves=31
num_cat=0
split_feature=3 0 0 0 3 3 3 3 0 2 2 3 1 1 1 2 2 1 3 2 2 2 3 3 2 1 1 1 1 2
split_gain=174.771 102.273 38.1603 25.3306 17.8749 14.0555 12.5244 12.0622 13.3862 9.65087 9.57401 7.76531 7.29696 14.7062 6.84013 6.70909 12.8028 8.2205 6.46667 6.39469 7.7903 8.10324 9.68979 9.59619 6.57305 5.76292 5.68174 9.34445 11.0512 8.73791
threshold=15.90405321121216 3.5000000000000004 1.5000000000000002 1.5000000000000002 5.8921234607696542 5.1152958869934091 8.6127552986145037 23.07070350646973 3.5000000000000004 4576.1394042968759 4623.3518066406259 0.6728980839252473 523043.68750000006 335093.84375000006 837731.87500000012 4155.6782226562509 4778.4514160156259 536465.46875000012 22.6301383972168 3509.134643554688 2774.8247070312505 1947.1563110351565 14.075252532958986 10.657703399658205 524.96627807617199 283274.17187500006 837731.87500000012 603934.96875000012 397413.21875000006 979.24649047851574
decision_type=2 2 2 2 2 2 2 2 2 2 2 2 2 2 2 2 2 2 2 2 2 2 2 2 2 2 2 2 2 2
left_child=1 3 14 6 9 -5 12 8 10 11 -4 -3 13 -1 18 19 17 -17 25 20 21 22 24 -23 -6 -2 27 28 -7 -29
right_child=2 4 7 5 15 26 -8 -9 -10 -11 -12 -13 -14 -15 -16 16 -18 -19 -20 -21 -22 23 -24 -25 -26 -27 -28 29 -30 -31
leaf_value=0.04397915040156735 0.027802057795483493 0.035870390370488163 -0.0028072549476878365 0.026198604511711927 -0.032535861414443291 0.0045871512818567066 0.022341684813835416 -0.022651127958060985 -0.020752759630762278 -0.025841360002578723 -0.036321255516098896 0.0062716453970195016 0.05202647041269514 -0.00095810293406248096 0.021030175542134957 0.038994719501098868 -0.028787974657660184 -0.0013476380270211459 -0.0080246915590384462 -0.032667009962292819 0.0040111396348837649 -0.010611707373412655 0.021556709029457787 -0.047652281406852938 -0.0076529091765809038 0.0019102628247430885 0.0236571307016064 0.021625084364980771 0.025906736121047286 -0.012773441625759005
leaf_weight=67 29 25 290 206 36 155 162 535 252 21 23 195 86 25 46 23 22 28 122 39 66 34 22 36 101 83 67 24 100 80
leaf_count=67 29 25 290 206 36 155 162 535 252 21 23 195 86 25 46 23 22 28 122 39 66 34 22 36 101 83 67 24 100 80
internal_value=4.65642e-11 0.0111385 -0.0130756 0.0213961 -0.00424795 0.0154759 0.0324008 -0.0172705 -0.0121756 0.00654383 -0.00526995 0.00963514 0.0415558 0.0317679 0.00340424 -0.0106382 0.00309328 0.016846 -6.06875e-05 -0.0136394 -0.0111238 -0.0154859 -0.0092452 -0.0296611 -0.0141915 0.00861439 0.0102907 0.00779612 0.0129478 -0.00483532
internal_weight=3000 1620 1380 972 648 632 340 1100 565 241 313 220 178 92 280 407 73 51 234 334 295 229 159 70 137 112 426 359 255 104
internal_count=3000 1620 1380 972 648 632 340 1100 565 241 313 220 178 92 280 407 73 51 234 334 295 229 159 70 137 112 426 359 255 104
is_linear=0
shrinkage=0.05


Tree=66
num_leaves=31
num_cat=0
split_feature=3 0 0 3 0 3 3 2 0 3 1 2 2 3 3 1 1 2 2 3 2 2 2 2 0 2 3 4 2 4
split_gain=158.679 71.1413 59.112 23.1002 19.1959 12.823 11.4471 10.9922 9.10342 9.04826 7.49594 6.17922 6.41904 8.85944 5.94965 6.08627 6.00593 6.01379 5.85871 5.78882 5.55806 10.7456 5.45989 5.36934 6.486 7.06862 6.70497 7.04094 5.42873 7.67034
threshold=11.51478433609009 2.5000000000000004 2.5000000000000004 23.209966659545902 4.5000000000000009 0.76883831620216381 1.8386867046356203 366.08822631835943 3.5000000000000004 21.348713874816898 902940.59375000012 1108.2451782226565 1979.1105957031252 6.3299012184143075 3.5236308574676518 628641.03125000012 185388.83593750003 2913.6677246093755 3141.858764648438 0.91412651538848888 1039.4631347656252 1528.7830810546877 4465.0976562500009 289.73905944824224 1.5000000000000002 2689.5454101562505 14.075252532958986 2.5000000000000004 4369.1840820312509 2.5000000000000004
decision_type=2 2 2 2 2 2 2 2 2 2 2 2 2 2 2 2 2 2 2 2 2 2 2 2 2 2 2 2 2 2
left_child=1 6 3 23 5 -3 18 -7 9 22 20 -8 13 -13 15 16 -9 -18 19 -1 -5 -22 -4 -2 25 26 -25 -28 29 -27
right_child=2 4 8 10 -6 7 11 14 -10 -11 -12 12 -14 -15 -16 -17 17 -19 -20 -21 21 -23 -24 24 -26 28 27 -29 -30 -31
leaf_value=0.055601733420044187 -0.016170438277450475 0.042760380887394325 -0.00044754197348892275 -0.03097388398002934 -0.0063523896380668901 -0.027782739539397885 0.038103774955379782 0.0091343790292739875 -0.020173158489234216 -0.01904018965808774 0.017991369199894726 0.028876970053232948 0.026523316882016576 -0.0087418256382293565 0.0065002270670693751 0.0035620398580488801 0.054978151655254465 0.019879395385151325 0.064113686642339157 0.019179137373187893 0.022265787912360599 -0.014098946921976991 -0.026318345510441328 0.046523625482446873 0.0032817714715356683 0.0090908977556072423 0.0050528434260437884 0.034792231006876513 0.023340030547364485 -0.02471767783003009
leaf_weight=20 22 29 180 37 262 20 84 27 700 169 21 29 238 34 303 38 26 23 31 24 23 174 23 26 235 62 48 34 35 23
leaf_count=20 22 29 180 37 262 20 84 27 700 169 21 29 238 34 303 38 26 23 31 24 23 174 23 26 235 62 48 34 35 23
internal_value=-3.88769e-11 0.0142017 -0.00931105 0.00155847 0.00447566 0.0105635 0.0295942 0.00842691 -0.0168143 -0.0104937 -0.0106248 0.0261129 0.0227666 0.00857476 0.0101636 0.0199004 0.0280696 0.0385032 0.0474648 0.0357349 -0.0131929 -0.00985332 -0.00337872 0.00796409 0.00911087 0.0151189 0.024399 0.0173838 0.00676692 -5.7305e-05
internal_weight=3000 1188 1812 740 728 466 460 437 1072 372 255 385 301 63 417 114 76 49 75 44 234 197 203 485 463 228 108 82 120 85
internal_count=3000 1188 1812 740 728 466 460 437 1072 372 255 385 301 63 417 114 76 49 75 44 234 197 203 485 463 228 108 82 120 85
is_linear=0
shrinkage=0.05


Tree=67
num_leaves=31
num_cat=0
split_feature=3 0 0 3 3 0 2 3 2 3 0 1 1 1 2 0 2 2 1 1 3 2 2 3 3 0 1 2 4 2
split_gain=144.02 86.8558 28.3857 22.3044 15.9957 14.7616 9.8732 9.49058 11.2877 8.95292 10.6399 8.0504 14.1905 9.97713 7.83386 7.75269 7.54193 7.10093 6.66837 13.0441 6.28036 8.58039 11.3893 5.61888 10.7022 7.44897 6.67412 6.32528 5.92049 5.54002
threshold=16.850616455078129 3.5000000000000004 1.5000000000000002 8.6127552986145037 8.9416146278381365 1.5000000000000002 4669.2961425781259 1.2348309159278872 2209.689575195313 23.667140960693363 3.5000000000000004 451289.06250000006 573430.81250000012 818306.25000000012 4143.1628417968759 1.5000000000000002 4623.3518066406259 3972.6342773437505 523043.68750000006 335093.84375000006 2.4892965555191044 2029.9450683593752 3509.134643554688 14.075252532958986 12.30764961242676 4.5000000000000009 566724.93750000012 2662.3679199218755 1.5000000000000002 1660.493103027344
decision_type=2 2 2 2 2 2 2 2 2 2 2 2 2 2 2 2 2 2 2 2 2 2 2 2 2 2 2 2 2 2
left_child=1 3 -2 5 6 18 7 8 -3 10 16 20 -13 -14 -9 -5 -4 29 19 -1 -7 -22 -23 24 27 -25 -26 -6 -29 -15
right_child=2 4 9 15 23 11 -8 14 -10 -11 -12 12 13 17 -16 -17 -18 -19 -20 -21 21 22 -24 25 26 -27 -28 28 -30 -31
leaf_value=0.039987785180113214 0.0022926223992416456 -0.0035705460565319904 -0.0031984461254822762 0.0196705579536437 -0.020010762185965841 0.028821246746557363 -0.030698478079977488 -0.0018428300763480366 0.044225056000674765 -0.020973578802077102 -0.019487986441884861 0.055225223119163683 0.0076093477935309673 0.043471112519147849 0.022158725451486252 0.0067371499774939968 -0.032982904694812458 0.058927023932337765 0.047853594583047686 -0.0023340032994747166 -0.013428390931147031 0.034135224006305906 -0.0051535545289516449 0.010742668902539478 -0.020985438146938883 -0.016827214212746036 -0.054230325697706298 0.017684417745719352 -0.012390812320841684 0.0099868644028902054
leaf_weight=67 261 21 280 181 74 39 21 265 30 500 244 36 76 21 39 322 23 20 86 25 39 39 35 49 36 49 26 30 36 30
leaf_count=67 261 21 280 181 74 39 21 265 30 500 244 36 76 21 39 322 23 20 86 25 39 39 35 49 36 49 26 30 36 30
internal_value=-2.16535e-11 0.00963218 -0.01246 0.0188727 -0.00425591 0.0262084 0.00261421 0.00458482 0.0245445 -0.0161376 -0.0117171 0.0200259 0.0270899 0.0201997 0.00123632 0.0113911 -0.00545931 0.0336766 0.037844 0.0284873 0.0115212 0.00555037 0.0155527 -0.0128665 -0.0176327 -0.00304227 -0.0349268 -0.00997381 0.00127975 0.0237745
internal_weight=3000 1692 1308 1016 676 513 376 355 51 1047 547 335 183 147 304 503 303 71 178 92 152 113 74 300 202 98 62 140 66 51
internal_count=3000 1692 1308 1016 676 513 376 355 51 1047 547 335 183 147 304 503 303 71 178 92 152 113 74 300 202 98 62 140 66 51
is_linear=0
shrinkage=0.05


Tree=68
num_leaves=31
num_cat=0
split_feature=3 0 0 0 3 1 3 3 3 0 2 1 3 2 3 3 2 2 2 3 1 3 3 3 2 2 1 1 2 1
split_gain=130.302 75.6489 28.7005 18.9974 13.8409 10.7494 10.5525 9.52394 9.15458 10.544 8.53542 5.82879 5.76813 5.37873 7.00702 10.4673 5.14995 13.2377 10.6486 10.1101 7.65489 6.0981 6.29647 8.37414 6.24714 5.7905 5.13302 5.08457 8.90305 4.99996
threshold=15.90405321121216 3.5000000000000004 1.5000000000000002 1.5000000000000002 4.5510237216949472 833410.96875000012 5.1152958869934091 9.4509568214416522 23.667140960693363 3.5000000000000004 4623.3518066406259 837731.87500000012 0.6728980839252473 629.31814575195324 12.894777297973635 14.568040370941164 4006.0207519531255 3604.267944335938 4778.4514160156259 12.446928024291994 729118.34375000012 7.5695319175720224 14.075252532958986 12.047929763793947 2247.8928222656255 1660.493103027344 802465.46875000012 165369.53125000003 1399.3988037109377 229695.70312500003
decision_type=2 2 2 2 2 2 2 2 2 2 2 2 2 2 2 2 2 2 2 2 2 2 2 2 2 2 2 2 2 2
left_child=1 3 11 7 5 12 26 -1 9 10 29 -2 -3 -8 -15 -16 17 21 19 20 -18 -6 23 -23 -24 -25 -5 -9 -29 -4
right_child=2 4 8 6 16 -7 13 27 -10 -11 -12 -13 -14 14 15 -17 18 -19 -20 -21 -22 22 24 25 -26 -27 -28 28 -30 -31
leaf_value=0.034971297557931394 -0.00019679147865559558 0.034358163774013517 0.0092619319765695502 0.018194275217984987 0.0019494811684126036 -0.02497210130095482 0.027036880032234901 0.035835352762331886 -0.019924899115972224 -0.018042903785210323 -0.033434608262420326 0.019272556195906163 0.0082848921284312382 0.0110610544179508 -0.016483456720379763 0.016925045231835464 0.039267614685119162 -0.050586275504902002 -0.027263231792797646 -0.015106614604592323 -0.00040847466210834681 -0.010714818957300547 0.019229015280251151 -0.019835762915511927 -0.016664462672038513 -0.053607847744768317 0.036731401313932578 0.035553094227948494 0.0038775256667763765 -0.0059692400511857681
leaf_weight=200 234 25 70 157 96 22 37 31 500 272 24 46 140 288 64 37 31 20 24 25 20 144 27 30 22 22 49 31 78 234
leaf_count=200 234 25 70 157 96 22 37 31 500 272 24 46 140 288 64 37 31 20 24 25 20 144 27 30 22 22 49 31 78 234
internal_value=7.53925e-11 0.00961761 -0.0112902 0.0184396 -0.00361542 0.00785804 0.0133126 0.0279698 -0.0149282 -0.0107643 -0.00472835 0.00300174 0.0122354 0.0088198 0.00708707 -0.0042447 -0.00826951 -0.0110509 0.00177144 0.0109403 0.0237084 -0.00873215 -0.0129176 -0.0169254 0.00311358 -0.034124 0.0226036 0.0179678 0.0128862 -0.00246206
internal_weight=3000 1620 1380 972 648 187 632 340 1100 600 328 280 165 426 389 101 461 361 100 76 51 341 245 196 49 52 206 140 109 304
internal_count=3000 1620 1380 972 648 187 632 340 1100 600 328 280 165 426 389 101 461 361 100 76 51 341 245 196 49 52 206 140 109 304
is_linear=0
shrinkage=0.05


Tree=69
num_leaves=31
num_cat=0
split_feature=3 0 0 0 3 1 3 3 3 0 2 1 2 3 3 1 1 2 1 1 2 2 2 1 3 3 1 2 2 1
split_gain=117.598 68.2731 25.9022 17.1451 12.4914 9.70137 9.54576 8.70387 8.2696 8.78171 7.35129 6.97502 6.63067 6.05521 9.50933 6.03467 10.2975 5.99231 5.81171 9.52038 7.89079 6.56878 5.4692 5.26048 5.20574 4.90571 5.13653 5.43053 4.82042 4.78277
threshold=15.90405321121216 3.5000000000000004 1.5000000000000002 1.5000000000000002 4.5510237216949472 833410.96875000012 4.7991502285003671 8.6127552986145037 23.07070350646973 3.5000000000000004 629.31814575195324 788917.18750000012 4623.3518066406259 12.894777297973635 14.463211536407472 526710.84375000012 335093.84375000006 2395.673217773438 603934.96875000012 432210.00000000006 3141.858764648438 3443.7299804687505 1399.3988037109377 837731.87500000012 0.6728980839252473 22.6301383972168 283274.17187500006 3760.2875976562505 4257.6879882812509 280046.51562500006
decision_type=2 2 2 2 2 2 2 2 2 2 2 2 2 2 2 2 2 2 2 2 2 2 2 2 2 2 2 2 2 2
left_child=1 3 23 7 5 24 11 15 9 12 -8 -5 28 18 -15 16 -1 -13 19 -12 -21 22 -20 25 -3 26 -2 -28 -4 -26
right_child=2 4 8 6 -6 -7 10 -9 -10 -11 13 17 -14 14 -16 -17 -18 -19 21 20 -22 -23 -24 -25 29 -27 27 -29 -30 -31
leaf_value=0.036239830544565935 0.025483807633984192 0.032640256457030774 -0.0040749501738766283 0.016749332148906768 -0.0078560382465517799 -0.023723494888029314 0.029293901376569498 0.018185659807267381 -0.018636946856940739 -0.016910343912858811 0.0067807520108110232 0.021774917537265501 -0.030211079128734442 -0.01724251584744017 0.013785747695324381 0.044052678064992995 0.00013368301359670503 0.058716872831185665 0.013744893289454605 0.046075874355596465 0.012169693663599901 0.018515609248884415 -0.015214369066857867 0.018308928621042036 -0.0026464107858597259 -0.0071234808509528158 -0.007840943755581975 0.019458530105098529 0.021364913024008277 0.015991414226650534
leaf_weight=67 29 25 270 149 461 22 39 162 535 252 113 23 23 58 43 83 28 21 23 37 32 38 56 46 61 122 56 27 20 79
leaf_count=67 29 25 270 149 461 22 39 162 535 252 113 23 23 58 43 83 28 21 23 37 32 38 56 46 61 122 56 27 20 79
internal_value=-1.45387e-11 0.00913673 -0.0107257 0.0175177 -0.00343465 0.00746513 0.012647 0.0265714 -0.0141818 -0.00996319 0.00857259 0.0219147 -0.00436995 0.00655226 -0.00403246 0.0342033 0.025598 0.0394063 0.0101277 0.0157168 0.0303513 0.00143351 -0.00678319 0.00285166 0.0116236 -0.000186952 0.00736891 0.00103961 -0.00232048 0.00787065
internal_weight=3000 1620 1380 972 648 187 632 340 1100 565 439 193 313 400 101 178 95 44 299 182 69 117 79 280 165 234 112 83 290 140
internal_count=3000 1620 1380 972 648 187 632 340 1100 565 439 193 313 400 101 178 95 44 299 182 69 117 79 280 165 234 112 83 290 140
is_linear=0
shrinkage=0.05


Tree=70
num_leaves=31
num_cat=0
split_feature=3 0 0 3 0 3 3 1 3 0 1 1 2 2 3 1 2 1 1 1 2 1 2 1 1 1 2 2 1 1
split_gain=106.976 48.4554 43.3275 20.1639 11.7668 9.0325 9.01789 8.63944 8.41058 10.5197 8.08215 7.6905 7.21962 10.729 8.93176 7.47041 7.04565 6.66394 6.38316 12.8301 6.86013 10.0421 8.81449 5.82046 5.63313 5.89489 5.6879 6.31371 5.57702 8.3814
threshold=9.4509568214416522 2.5000000000000004 2.5000000000000004 18.988677978515629 4.5000000000000009 0.56093293428421032 29.374486923217777 964399.78125000012 18.745632171630863 4.5000000000000009 840156.59375000012 76152.750000000015 2606.351440429688 1273.1959228515627 20.928581237792972 425105.57812500006 2871.532348632813 802465.46875000012 54732.181640625007 117320.92578125001 1399.3988037109377 475627.93750000006 1745.7445068359377 866256.93750000012 218959.67187500003 320801.78125000006 3244.599731445313 1636.266784667969 316918.78125000006 374176.32812500006
decision_type=2 2 2 2 2 2 2 2 2 2 2 2 2 2 2 2 2 2 2 2 2 2 2 2 2 2 2 2 2 2
left_child=2 3 7 18 5 -4 12 11 9 28 24 -1 13 15 -15 -5 -14 -18 -2 -20 21 -21 -22 -11 -6 -26 27 -27 -3 -30
right_child=1 8 4 6 10 -7 -8 -9 -10 23 -12 -13 16 14 -16 -17 17 -19 19 20 22 -23 -24 -25 25 26 -28 -29 29 -31
leaf_value=0.048112956904382873 -0.014500294139851695 -0.012350787336114222 0.043123214263468983 0.0085205420745270606 -0.013605535843155601 0.0086464950469590362 -0.02895784710134779 0.058911890368908648 -0.016643542611460557 -0.021817279760819555 -0.028248156482974691 0.022761512207653142 -0.034127293094992642 0.03903988575631822 0.0063731485957740468 -0.021358463644551545 -0.010025879015272153 0.016603108708347594 0.044563021414495751 0.0014479071181267501 -0.026535738408565525 0.033790601138025525 0.008174258190050512 0.0038209415399111236 0.025805699612413135 0.0054979864748254904 0.014376690327189863 -0.027257077824989602 0.032558748405426739 -0.0013812164616173329
leaf_weight=33 23 104 20 35 55 379 35 20 689 149 30 320 25 27 93 52 146 28 29 40 20 60 214 26 28 31 40 28 20 201
leaf_count=33 23 104 20 35 55 379 35 20 689 149 30 320 25 27 93 52 146 28 29 40 20 60 214 26 28 31 40 28 20 201
internal_value=5.77963e-11 -0.00659636 0.0135145 0.00269832 0.00531686 0.0103747 -0.00460599 0.0269428 -0.0130612 -0.00812472 -0.00420228 0.0251315 -0.00250669 0.00403072 0.0137232 -0.00933817 -0.0093069 -0.00574075 0.0110434 0.0126619 0.009892 0.0208535 0.00520759 -0.0180082 -0.00023867 0.00555013 -0.000178717 -0.0100468 -0.00280287 0.00169027
internal_weight=3000 2016 984 827 611 399 441 373 1189 500 212 353 406 207 120 87 199 174 386 363 334 100 234 175 182 127 99 59 325 221
internal_count=3000 2016 984 827 611 399 441 373 1189 500 212 353 406 207 120 87 199 174 386 363 334 100 234 175 182 127 99 59 325 221
is_linear=0
shrinkage=0.05


Tree=71
num_leaves=31
num_cat=0
split_feature=3 0 0 3 0 1 2 3 3 3 0 1 2 2 4 2 2 1 2 2 4 4 4 1 1 4 2 1 3 1
split_gain=96.5691 43.0344 38.392 17.8942 12.161 9.96017 9.25933 8.2727 7.83414 6.74434 8.22683 6.65212 9.28264 12.3748 6.82909 5.99571 5.83366 11.0343 11.8266 5.81046 10.6288 5.63352 5.54628 5.28756 8.13952 4.94486 8.67526 10.6312 5.22171 4.84575
threshold=10.169486045837404 2.5000000000000004 2.5000000000000004 25.327569961547855 4.5000000000000009 226233.71093750003 244.41426849365237 0.76883831620216381 1.8386867046356203 21.68216705322266 4.5000000000000009 185388.83593750003 1399.3988037109377 1253.6510009765627 1.5000000000000002 1304.8403930664065 1908.473815917969 79173.910156250015 3604.267944335938 905.52285766601574 2.5000000000000004 2.5000000000000004 1.5000000000000002 165369.53125000003 705432.75000000012 1.5000000000000002 4051.447143554688 788917.18750000012 3.5236308574676518 146036.14062500003
decision_type=2 2 2 2 2 2 2 2 2 2 2 2 2 2 2 2 2 2 2 2 2 2 2 2 2 2 2 2 2 2
left_child=2 3 8 6 7 -5 -2 -4 21 10 29 16 13 14 -13 23 -8 -18 -19 20 -16 22 -1 -10 -25 26 27 -9 -27 -3
right_child=1 9 4 5 -6 -7 11 25 15 -11 -12 12 -14 -15 19 -17 17 18 -20 -21 -22 -23 -24 24 -26 28 -28 -29 -30 -31
leaf_value=0.02956921433409055 -0.027061723303049803 -0.017804423401105232 0.035566538511293717 -0.035855988566489784 -0.0045585576710372904 -0.0058267321641126101 0.00085389498959888115 -0.014995754535150965 0.055337960938923063 -0.017215573754084789 -0.017403415512843905 -0.0099902822125342589 0.00085177071758041258 0.052648064829409126 0.0024522551758722824 0.017267363087598402 0.0038226844799337969 0.065985422224427256 0.015232345275580884 1.2728212208583439e-05 0.049270699863080629 0.020199100719764829 0.063561479456257078 0.00864057601429522 0.046304163394066011 0.022652625887878711 0.023302638524722669 0.024875879083715736 0.0071520277927897271 -0.0034070778411388865
leaf_weight=21 20 69 29 34 228 147 33 82 20 485 220 31 358 20 22 247 33 24 22 29 27 26 28 32 26 79 31 21 174 382
leaf_count=21 20 69 29 34 228 147 33 82 20 485 220 31 358 20 22 247 33 24 22 29 27 26 28 32 26 79 31 21 174 382
internal_value=-4.50488e-11 -0.00655382 0.012279 0.00236131 0.00472238 -0.0114676 0.00640497 0.00980905 0.0244451 -0.0127235 -0.00947654 0.00752239 0.00499553 0.0164953 0.00986173 0.0210837 0.0185097 0.0258849 0.0417122 0.0177516 0.0282502 0.0390114 0.0489934 0.0331688 0.0255243 0.0078789 0.000112861 -0.00686659 0.0119921 -0.00560978
internal_weight=3000 1956 1044 800 644 181 619 416 400 1156 671 599 487 129 109 325 112 79 46 78 49 75 49 78 58 387 134 103 253 451
internal_count=3000 1956 1044 800 644 181 619 416 400 1156 671 599 487 129 109 325 112 79 46 78 49 75 49 78 58 387 134 103 253 451
is_linear=0
shrinkage=0.05


Tree=72
num_leaves=31
num_cat=0
split_feature=3 0 0 0 3 1 3 1 2 2 2 1 3 1 3 1 1 4 2 1 2 1 2 3 0 1 2 2 2 1
split_gain=88.1572 53.4693 18.2389 14.0058 10.4633 8.8567 7.92769 7.40342 7.09941 12.5556 13.2635 7.89599 7.14833 6.58531 10.2919 9.7744 9.19741 11.6338 11.0776 9.04778 14.6066 6.13307 5.91406 5.63549 7.43257 5.38649 5.62606 12.9066 4.96916 4.80195
threshold=16.850616455078129 3.5000000000000004 1.5000000000000002 1.5000000000000002 3.3544704914093022 126157.64453125001 5.1152958869934091 953622.71875000012 4778.4514160156259 4006.0207519531255 3604.267944335938 729118.34375000012 7.5695319175720224 165369.53125000003 1.4941371679306032 54732.181640625007 453958.60937500006 1.5000000000000002 1039.4631347656252 587184.46875000012 3509.134643554688 353169.50000000006 4369.1840820312509 24.508625984191898 3.5000000000000004 289923.40625000006 1908.473815917969 3972.6342773437505 3330.5764160156255 837731.87500000012
decision_type=2 2 2 2 2 2 2 2 2 2 2 2 2 2 2 2 2 2 2 2 2 2 2 2 2 2 2 2 2 2
left_child=1 3 -2 7 5 -3 -5 13 9 10 12 22 -6 15 -15 -1 18 -18 -16 -19 -21 28 -11 24 -4 -7 -27 -28 -20 -8
right_child=2 4 23 6 8 25 29 -9 -10 11 -12 -13 -14 14 16 -17 17 19 21 20 -22 -23 -24 -25 -26 26 27 -29 -30 -31
leaf_value=0.012616707384586335 0.0020770338885807271 0.039689182713627813 -0.0045813123016230604 0.018573397840599269 0.002714198122822694 -0.013805989688262344 0.0045232451889050387 0.051534179278782434 -0.032529467917978769 0.038684093027279293 -0.045752415911335019 -0.0085408971569831335 -0.011438410846893204 0.045538506412814407 -0.031330116735771296 0.050741782393306491 0.00084627752556749023 0.057269762665033343 0.0074557057968507121 0.03642285798422315 -0.011782633953473787 -0.0099041064580281581 0.0067518941544253254 -0.017081771121228551 -0.015605134390136031 -0.0048482831515785727 0.041816460005939006 -0.010037912349216641 0.040087272785604006 0.018771297766694003
leaf_weight=29 261 20 334 206 134 32 381 21 25 29 23 31 267 29 20 40 46 25 28 55 22 24 29 431 282 36 30 20 20 70
leaf_count=29 261 20 334 206 134 32 381 21 25 29 23 31 267 29 20 40 46 25 28 55 22 24 29 431 282 36 30 20 20 70
internal_value=-2.88283e-11 0.00753602 -0.00974843 0.0147862 -0.0033607 0.00892166 0.0104467 0.0227279 -0.00651119 -0.00524324 -0.00882703 0.0118301 -0.00670911 0.0209381 0.0174035 0.0347182 0.0140038 0.021721 0.00158918 0.0311351 0.0226499 0.0107334 0.022718 -0.0126963 -0.00962793 0.00370683 0.0102232 0.0210747 0.0210522 0.00673469
internal_weight=3000 1692 1308 1016 676 138 657 359 538 513 424 89 401 338 269 69 240 148 92 102 77 72 58 1047 616 118 86 50 48 451
internal_count=3000 1692 1308 1016 676 138 657 359 538 513 424 89 401 338 269 69 240 148 92 102 77 72 58 1047 616 118 86 50 48 451
is_linear=0
shrinkage=0.05


Tree=73
num_leaves=31
num_cat=0
split_feature=3 0 0 3 0 1 3 1 2 2 4 1 1 3 2 4 1 3 0 1 1 1 3 3 1 1 2 1 2 1
split_gain=79.892 35.7123 33.0668 15.494 9.03694 8.52092 7.49953 13.2734 10.03 9.0954 7.55172 7.40482 7.11802 7.11436 6.87137 6.99845 6.69227 6.39002 8.19901 5.25151 5.17533 5.49705 5.15093 12.2078 5.67331 10.7842 5.97019 8.31827 8.0129 5.1262
threshold=9.4509568214416522 2.5000000000000004 2.5000000000000004 20.466814994812015 4.5000000000000009 944751.34375000012 25.327569961547855 361299.67187500006 3715.0195312500005 3563.0690917968755 2.5000000000000004 964399.78125000012 840156.59375000012 0.56093293428421032 2181.2663574218755 2.5000000000000004 76152.750000000015 18.745632171630863 4.5000000000000009 866256.93750000012 218959.67187500003 320801.78125000006 19.785464286804203 18.988677978515629 54732.181640625007 117320.92578125001 1399.3988037109377 483396.90625000006 1745.7445068359377 126157.64453125001
decision_type=2 2 2 2 2 2 2 2 2 2 2 2 2 2 2 2 2 2 2 2 2 2 2 2 2 2 2 2 2 2
left_child=2 3 11 22 13 6 7 9 14 -5 -8 16 20 -4 15 -9 -1 18 -3 -20 29 -22 23 24 -2 -26 27 -27 -28 -6
right_child=1 17 4 5 12 -7 10 8 -10 -11 -12 -13 -14 -15 -16 -17 -18 -19 19 -21 21 -23 -24 -25 25 26 28 -29 -30 -31
leaf_value=0.043171361720923229 -0.014498056746695354 -0.0022493740903715104 0.038014078158885245 0.033503990441274188 0.001536467080486232 0.026560420040041211 -0.0070076420262406491 -0.022265717387199402 0.012899923255401 -0.0051299219802021989 -0.029201752109581543 0.053006924125365923 -0.026390664887924992 0.0074163128050550396 -0.034385269154340793 0.016459835190325976 0.019522401319482015 -0.014373059280817611 -0.019291312797430626 0.0050616203878934571 0.025003840255417992 -8.842896745361463e-05 0.028209847283940159 -0.022100972911963862 0.040356480086158067 0.0014967109553697634 -0.026065721204504372 0.030817021189604776 0.0070283988464248884 -0.029038315347973437
leaf_weight=33 23 325 20 39 29 20 113 28 35 25 58 20 30 379 39 20 320 689 149 26 28 99 31 33 29 41 20 59 214 26
leaf_count=33 23 325 20 39 29 20 113 28 35 25 58 20 30 379 39 20 320 689 149 26 28 99 31 33 29 41 20 59 214 26
internal_value=-4.57449e-11 -0.00570051 0.0116791 0.00227892 0.00451761 -0.0051982 -0.00697739 -2.88386e-05 -0.00970305 0.0184126 -0.0145355 0.0234101 -0.00382455 0.00895004 -0.0187962 -0.00613007 0.0217332 -0.0112505 -0.0069477 -0.0156732 -0.000104866 0.00544372 0.00854308 0.00708803 0.00958346 0.0111093 0.00856986 0.0187957 0.00419984 -0.0129171
internal_weight=3000 2016 984 827 611 377 357 186 122 64 171 373 212 399 87 48 353 1189 500 175 182 127 450 419 386 363 334 100 234 55
internal_count=3000 2016 984 827 611 377 357 186 122 64 171 373 212 399 87 48 353 1189 500 175 182 127 450 419 386 363 334 100 234 55
is_linear=0
shrinkage=0.05


Tree=74
num_leaves=31
num_cat=0
split_feature=3 0 0 1 3 0 2 3 3 1 4 0 2 2 3 2 1 3 1 1 0 1 3 2 3 2 2 2 3 3
split_gain=72.2136 33.8956 27.0339 17.0319 16.6175 9.75271 10.7598 8.07438 7.23585 6.72899 6.43987 5.81538 6.73092 11.4826 8.36463 7.83661 7.21964 6.51529 5.32807 5.1684 4.74381 6.99425 6.97123 6.60067 4.94366 4.67338 6.27678 7.10984 5.77088 5.17016
threshold=11.51478433609009 2.5000000000000004 2.5000000000000004 953622.71875000012 25.327569961547855 4.5000000000000009 347.94947814941412 1.8386867046356203 1.8386867046356203 165369.53125000003 2.5000000000000004 1.5000000000000002 2689.5454101562505 3371.7180175781255 19.785464286804203 724.22525024414074 783410.78125000012 20.594912528991703 130524.07421875001 594700.40625000012 3.5000000000000004 502468.48437500006 24.734148025512699 2828.676147460938 21.68216705322266 1108.2451782226565 1979.1105957031252 1773.319274902344 6.429286241531373 10.657703399658205
decision_type=2 2 2 2 2 2 2 2 2 2 2 2 2 2 2 2 2 2 2 2 2 2 2 2 2 2 2 2 2 2
left_child=1 8 3 4 9 6 -3 -8 19 18 -6 12 15 -14 -15 -11 -17 -13 -2 -1 21 23 -23 24 -4 -10 27 28 -27 -28
right_child=2 5 20 -5 10 -7 7 -9 25 11 -12 17 13 14 -16 16 -18 -19 -20 -21 -22 22 -24 -25 -26 26 29 -29 -30 -31
leaf_value=0.026498417886482047 0.0092619490312182747 -0.027767925124083249 0.0043506913764982443 0.034133944217417687 -0.007276914864288349 -0.0048510122217792478 0.024715343138257809 0.0059964792236949158 0.027865468807119344 -0.0091357246041297909 -0.027741664580816144 0.0012544470038154119 -0.031528258949518211 -0.0049440729477542586 0.026790852563907255 0.03194145323388034 -0.0026756245270371441 -0.017279121640936604 0.037332059984857384 0.056179666984826328 -0.013780134065675418 0.0055045543411480526 -0.018898621423018947 -0.023468420978646133 -0.017358436541753296 0.029029852046590782 0.015890311401475361 -0.024135451107285918 -0.007693848088383675 0.041333546743474225
leaf_weight=55 73 21 61 37 114 262 68 377 84 24 58 147 25 56 33 61 20 70 22 20 700 140 37 88 46 23 216 20 20 22
leaf_count=55 73 21 61 37 114 262 68 377 84 24 58 147 25 56 33 61 20 70 22 20 700 140 37 88 46 23 216 20 20 22
internal_value=8.68701e-12 0.00958054 -0.00628128 0.00106939 -0.000670853 0.00286707 0.00720642 0.00885689 0.0202053 0.00370428 -0.0141778 0.00107694 0.00682503 -0.00158751 0.00682281 0.0159587 0.023394 -0.00472412 0.0157624 0.0344134 -0.0113554 -0.00679282 0.000403326 -0.0133247 -0.0049822 0.0174375 0.0145274 0.000493661 0.0119491 0.0182422
internal_weight=3000 1188 1812 740 703 728 466 445 460 531 172 436 219 114 89 105 81 217 95 75 1072 372 177 195 107 385 301 63 43 238
internal_count=3000 1188 1812 740 703 728 466 445 460 531 172 436 219 114 89 105 81 217 95 75 1072 372 177 195 107 385 301 63 43 238
is_linear=0
shrinkage=0.05


Tree=75
num_leaves=31
num_cat=0
split_feature=3 0 0 1 0 1 1 3 3 2 1 3 2 1 3 3 3 4 4 2 3 3 4 3 1 2 2 3 0 1
split_gain=65.9661 40.0528 13.9841 13.3848 13.0633 10.2422 14.0676 10.4962 9.32693 6.95157 6.9033 6.87656 6.59134 6.33266 9.66086 6.20087 6.07728 9.63624 5.04252 8.45176 4.80612 11.439 5.97626 8.98932 8.0437 9.94403 7.3512 4.36744 6.26393 4.17314
threshold=16.850616455078129 2.5000000000000004 1.5000000000000002 964399.78125000012 4.5000000000000009 951029.15625000012 918251.78125000012 7.7976799011230478 6.1568281650543222 4762.9458007812509 76152.750000000015 8.7911109924316424 4143.1628417968759 274855.29687500006 2.3971356153488164 0.76883831620216381 1.4941371679306032 1.5000000000000002 1.5000000000000002 1304.8403930664065 13.897966861724855 12.718355655670168 1.5000000000000002 10.506052494049074 564601.78125000012 3244.599731445313 2354.8906250000005 26.324682235717777 3.5000000000000004 802465.46875000012
decision_type=2 2 2 2 2 2 2 2 2 2 2 2 2 2 2 2 2 2 2 2 2 2 2 2 2 2 2 2 2 2
left_child=1 3 -2 8 5 6 7 15 10 11 -1 12 -6 14 -12 -3 -15 -18 19 -17 21 22 23 -9 25 -24 -26 28 29 -4
right_child=2 4 27 -5 9 -7 -8 20 -10 -11 13 -13 -14 16 -16 18 17 -19 -20 -21 -22 -23 24 -25 26 -27 -28 -29 -30 -31
leaf_value=0.050156826534796334 0.0019219797986632721 0.033360938603679342 -0.0072182947041804909 0.048493887875229125 -0.0027903612348018215 -0.02638527018806109 0.037415211311908385 -0.0071108659620222172 0.010207150264960581 -0.035467358087078626 -0.022356122657656671 -0.013694907447966188 0.026398767793381756 0.041229413281671887 0.02515914524378984 -0.026695216757555804 -0.0029507465288043026 0.02896023186000243 0.013264357113811588 0.0076266169652972424 0.006849354726986754 -0.031382172669355689 0.018498312204312056 0.031323917184410424 -0.043488830964391434 -0.022954199203978416 -0.002444334998726845 -0.016281622764166 -0.013809282644819522 0.0057351452044465331
leaf_weight=21 261 27 323 30 160 26 33 32 443 21 20 151 22 41 23 24 35 73 175 71 90 39 39 29 24 23 20 286 361 77
leaf_count=21 261 27 323 30 160 26 33 32 443 21 20 151 22 41 23 24 35 73 175 71 90 39 39 29 24 23 20 286 361 77
internal_value=-8.96718e-11 0.00651889 -0.00843269 0.0158348 0.000166321 0.00436465 0.0056418 0.00387363 0.0143412 -0.00756619 0.0229392 -0.00580665 0.000737995 0.0199623 0.00305902 0.0105145 0.0248404 0.0186187 0.00822988 -0.00104416 -0.00278969 -0.00700092 -0.0013071 0.0111614 -0.00848237 0.00312077 -0.0248322 -0.0110139 -0.00903424 -0.00472476
internal_weight=3000 1692 1308 686 1006 652 626 593 656 354 213 333 182 192 43 297 149 108 270 95 296 206 167 61 106 62 44 1047 761 400
internal_count=3000 1692 1308 686 1006 652 626 593 656 354 213 333 182 192 43 297 149 108 270 95 296 206 167 61 106 62 44 1047 761 400
is_linear=0
shrinkage=0.05


Tree=76
num_leaves=31
num_cat=0
split_feature=3 0 0 3 1 0 1 1 1 2 1 2 3 3 1 2 3 3 3 3 0 1 1 2 2 2 2 1 1 1
split_gain=59.9472 26.1323 24.6367 11.6534 6.79204 6.72056 6.41293 6.12774 6.01304 5.77449 9.04867 7.80943 9.44439 5.57246 5.5135 5.00657 6.17915 4.96979 10.6543 4.95878 6.16845 4.72411 4.92587 5.07171 5.83007 4.63611 16.3838 5.43228 4.62965 5.4151
threshold=9.4509568214416522 2.5000000000000004 2.5000000000000004 20.466814994812015 944751.34375000012 4.5000000000000009 840156.59375000012 875822.31250000012 964399.78125000012 1039.4631347656252 460167.93750000006 2645.5520019531255 27.736106872558597 0.56093293428421032 76152.750000000015 3701.6853027343755 2.1353662014007573 19.785464286804203 19.357234954833988 19.425593376159672 4.5000000000000009 218959.67187500003 320801.78125000006 3244.599731445313 1636.266784667969 1020.2556762695314 1153.2127075195315 643444.12500000012 385282.14062500006 587184.46875000012
decision_type=2 2 2 2 2 2 2 2 2 2 2 2 2 2 2 2 2 2 2 2 2 2 2 2 2 2 2 2 2 2
left_child=2 3 8 17 7 13 21 9 14 10 -5 12 -11 -4 -1 -16 -17 18 -2 20 25 -7 -23 24 -24 27 -27 -3 -18 -30
right_child=1 19 5 4 -6 6 -8 -9 -10 11 -12 -13 -14 -15 15 16 28 -19 -20 -21 -22 22 23 -25 -26 26 -28 -29 29 -31
leaf_value=0.038190216790517852 0.0078126955377890491 -0.0020601413061105927 0.033479997776448729 0.0034393083751201627 0.023757549673318862 -0.011969085003842007 -0.024678110902508099 -0.029086553098426927 0.046913323402404783 0.017093544384642018 -0.036990862291666773 -0.0081821385110643786 -0.017913919799029825 0.0064001991796260585 0.01293334759787744 0.049222650605699296 -0.0009312552958726883 0.02663829232896528 -0.027192109985196073 -0.012676184130687036 -0.013484426789770002 0.024089100105421885 0.0059554921823643872 0.014080585958436132 -0.025520045120668203 -0.046632473949681633 -0.0017350550589529815 0.026239243236237338 0.046348016052728612 0.010851427641781895
leaf_weight=33 396 43 20 25 20 55 30 27 20 84 31 165 25 379 234 23 20 31 23 640 190 28 31 40 28 22 266 28 21 22
leaf_count=33 396 43 20 25 20 55 30 27 20 84 31 165 25 379 234 23 20 31 23 640 190 28 31 40 28 22 266 28 21 22
internal_value=-4.93329e-11 -0.00493794 0.0101168 0.00188783 -0.00459672 0.0039352 -0.0032588 -0.00618519 0.0202426 -0.00431145 -0.0189417 -0.00132133 0.00906431 0.00775758 0.0187315 0.0167248 0.0270411 0.00732044 0.00589119 -0.00968556 -0.00619921 0.000271855 0.00557305 0.000336186 -0.00898205 -0.00234353 -0.00516472 0.00910018 0.0189431 0.028187
internal_weight=3000 2016 984 827 377 611 212 357 373 330 56 274 109 399 353 320 86 450 419 1189 549 182 127 99 59 359 288 71 63 43
internal_count=3000 2016 984 827 377 611 212 357 373 330 56 274 109 399 353 320 86 450 419 1189 549 182 127 99 59 359 288 71 63 43
is_linear=0
shrinkage=0.05


Tree=77
num_leaves=31
num_cat=0
split_feature=3 0 0 0 3 2 2 2 2 2 1 2 2 1 1 1 4 2 0 3 2 3 2 2 1 2 0 4 3 2
split_gain=54.2723 32.4977 13.3004 9.83477 7.40427 6.6959 5.73978 5.64468 7.27644 5.3468 5.25593 11.5891 7.59902 6.51351 12.4171 9.33105 6.46174 13.7535 10.9349 7.68252 10.5992 6.3107 5.62819 7.58951 10.3517 4.79693 4.59249 4.74679 4.2924 5.32998
threshold=15.90405321121216 3.5000000000000004 1.5000000000000002 1.5000000000000002 1.6801459789276125 265.39271545410162 881.50103759765636 2738.437622070313 4778.4514160156259 2465.015502929688 818306.25000000012 3972.6342773437505 766.83367919921886 603934.96875000012 505616.54687500006 538039.25000000012 1.5000000000000002 3905.7060546875005 2.5000000000000004 7.3709921836853036 2791.2424316406255 8.3142137527465838 3563.0690917968755 1877.5935668945315 698375.75000000012 540.85943603515636 4.5000000000000009 2.5000000000000004 21.68216705322266 496.53321838378912
decision_type=2 2 2 2 2 2 2 2 2 2 2 2 2 2 2 2 2 2 2 2 2 2 2 2 2 2 2 2 2 2
left_child=1 3 -2 25 -3 -6 -7 9 26 -8 13 12 -12 14 16 -16 19 -18 -19 20 -5 -14 23 24 -15 -1 27 -9 29 -4
right_child=2 4 28 10 5 6 7 8 -10 -11 11 -13 21 22 15 -17 17 18 -20 -21 -22 -23 -24 -25 -26 -27 -28 -29 -30 -31
leaf_value=0.03948534051708591 0.0024428075322482203 0.012419192204912622 0.010270588915381167 -0.011916651042259259 -0.032807608228176834 0.0091201845957319949 -0.0077752824888517287 0.015679051575439407 -0.02505022500883098 -0.028446114337758018 0.035661076541457858 0.046583642822655813 0.015545687361343489 -0.022206346064128663 0.0565254818902097 0.014970093060817039 0.017319374166900214 0.0073653866761717304 -0.04001021239729155 -0.016657186037828699 0.037852751724421985 -0.014528911481752541 0.015917830516894656 -0.022282662049222454 0.022071716347427078 0.017137283216316586 -0.0047415577968501531 -0.0064637153847690899 -0.012406027094423249 -0.0078483457202863701
leaf_weight=26 280 74 45 23 20 79 177 84 27 38 21 27 37 22 22 35 169 29 21 58 20 33 30 52 33 314 115 34 641 414
leaf_count=26 280 74 45 23 20 79 177 84 27 38 21 27 37 22 22 35 169 29 21 58 20 33 30 52 33 314 115 34 641 414
internal_value=-2.32971e-11 0.00620699 -0.00728646 0.0119892 -0.00246632 -0.00438536 -0.00335929 -0.00543482 -0.000478312 -0.0114287 0.00830026 0.0178168 0.00928153 0.00611554 0.00950855 0.031009 0.00567879 0.0105039 -0.0125324 -0.00478361 0.0112319 0.00136766 -0.00322143 -0.00858758 0.00436049 0.0188463 0.00236908 0.00929893 -0.009763 -0.00607198
internal_weight=3000 1620 1380 972 648 574 554 475 260 215 632 118 91 514 377 57 320 219 50 101 43 70 137 107 55 340 233 118 1100 459
internal_count=3000 1620 1380 972 648 574 554 475 260 215 632 118 91 514 377 57 320 219 50 101 43 70 137 107 55 340 233 118 1100 459
is_linear=0
shrinkage=0.05


Tree=78
num_leaves=31
num_cat=0
split_feature=3 0 0 1 3 1 1 2 2 2 0 1 1 4 1 3 2 4 1 2 4 2 2 2 1 1 1 1 1 2
split_gain=49.7565 21.5229 20.3491 10.3754 13.1671 6.9004 5.78019 5.61562 6.11449 8.1823 5.52215 5.74625 5.3244 5.18826 5.00108 4.94455 4.93157 5.1721 4.83386 6.02449 4.67912 6.12849 4.34283 6.00694 5.51418 4.34109 4.29004 4.59147 4.4759 4.56412
threshold=9.4509568214416522 2.5000000000000004 2.5000000000000004 972324.31250000012 25.327569961547855 226233.71093750003 165369.53125000003 244.41426849365237 1399.3988037109377 1253.6510009765627 4.5000000000000009 840156.59375000012 964399.78125000012 1.5000000000000002 76152.750000000015 0.76883831620216381 905.52285766601574 2.5000000000000004 79173.910156250015 2047.234313964844 1.5000000000000002 4051.447143554688 3701.6853027343755 4636.0039062500009 385282.14062500006 786305.40625000012 218959.67187500003 126157.64453125001 320801.78125000006 3244.599731445313
decision_type=2 2 2 2 2 2 2 2 2 2 2 2 2 2 2 2 2 2 2 2 2 2 2 2 2 2 2 2 2 2
left_child=2 3 12 4 6 -6 18 -8 9 13 15 26 14 -9 -1 -4 17 -15 -2 -20 21 25 -16 24 -24 -17 27 -12 -28 -30
right_child=1 -3 10 -5 5 -7 7 8 -10 -11 11 -13 -14 16 22 20 -18 -19 19 -21 -22 -23 23 -25 -26 -27 28 -29 29 -31
leaf_value=0.035529953529211608 0.0031711606454907677 -0.0088073027548728755 0.026945221218569529 0.034807845593794538 -0.031570903704885175 -0.0064936559844079996 -0.024063495425507425 -0.010336717464510472 -0.00030764050694651962 0.041751481443643573 0.0024337813001254513 -0.023197639950473484 0.043516540490090849 0.0043040396366268397 0.011555158439352035 -0.013447225838899613 -0.0023909820564861958 0.037595276966957109 0.0017020509019494057 0.035311463989783076 0.0096192035100449852 0.017617521584033968 0.01313865828243169 0.0040529700443148612 0.044444968517965235 0.012629811163060368 0.023121722095779011 -0.026502421684563161 -0.0083599504178105775 0.013518184041604401
leaf_weight=33 51 1189 29 23 34 142 20 31 369 20 29 30 20 20 234 79 29 28 20 40 241 30 22 25 39 20 28 26 59 40
leaf_count=33 51 1189 29 23 34 142 20 31 369 20 29 30 20 20 234 79 29 28 20 40 241 30 22 25 39 20 28 26 59 40
internal_value=-2.78562e-11 -0.0044987 0.00921684 0.0016959 0.000748671 -0.0113381 0.00413605 0.00191337 0.00295872 0.012375 0.00359888 -0.00292224 0.0184195 0.00693492 0.0169975 0.00706374 0.0138884 0.0237239 0.0144885 0.0241083 0.00550546 -0.00217991 0.0150864 0.0246945 0.0331542 -0.00817914 0.000419864 -0.0112452 0.00547164 0.0004797
internal_weight=3000 2016 984 827 804 176 628 517 497 128 611 212 373 108 353 399 77 48 111 60 370 129 320 86 61 99 182 55 127 99
internal_count=3000 2016 984 827 804 176 628 517 497 128 611 212 373 108 353 399 77 48 111 60 370 129 320 86 61 99 182 55 127 99
is_linear=0
shrinkage=0.05


Tree=79
num_leaves=31
num_cat=0
split_feature=3 0 3 1 0 2 2 3 1 2 2 1 0 2 2 2 3 2 2 1 1 1 1 2 1 3 1 3 2 3
split_gain=45.3235 28.3213 9.26228 10.4818 9.14923 7.30671 7.51486 6.80989 7.51966 6.61703 6.51573 6.41405 5.81066 4.95259 7.428 12.0097 8.76076 4.71129 14.7444 5.18699 9.387 5.2312 5.92093 5.13819 4.61592 5.87024 7.20543 5.71991 5.00163 5.2941
threshold=18.016186714172367 3.5000000000000004 3.6517024040222172 914968.46875000012 1.5000000000000002 1020.2556762695314 561.31130981445324 3.3544704914093022 126157.64453125001 1660.493103027344 2247.8928222656255 160906.63281250003 1.5000000000000002 4778.4514160156259 4006.0207519531255 3604.267944335938 12.446928024291994 3480.9289550781255 4075.356567382813 54732.181640625007 165369.53125000003 451289.06250000006 866256.93750000012 2270.0502929687505 122575.39453125001 7.5695319175720224 296464.87500000006 10.928921222686769 2645.5520019531255 14.075252532958986
decision_type=2 2 2 2 2 2 2 2 2 2 2 2 2 2 2 2 2 2 2 2 2 2 2 2 2 2 2 2 2 2
left_child=1 2 3 5 -2 6 -1 8 -3 -7 -11 -12 17 14 15 24 -16 19 -19 -4 -21 23 -23 -22 27 26 -26 -9 29 -27
right_child=4 7 12 -5 -6 9 -8 13 -10 10 11 -13 -14 -15 16 -17 -18 18 -20 20 21 22 -24 -25 25 28 -28 -29 -30 -31
leaf_value=0.01744316252677337 0.0012736559016354981 0.035651760883629327 -0.005782504614797377 0.052043420542031531 -0.0096927809811884827 0.043799812536543387 -0.023926629303466708 -0.036518737922112153 0.0024964952089634364 -0.0086279791525819098 -0.0041783597692847249 0.027292345495730203 0.0048169453949173007 -0.025966350441039718 0.020328809231286868 -0.039052664185011826 -0.010606203975810392 -0.021534936175448823 0.019300408476653201 0.051084417889995327 -0.010683604162828677 0.032316724667180101 0.0077943904581479736 0.019626562352533697 0.030853493651375175 -0.016946839662268759 0.00015823126651663732 -0.001222636639563875 0.0044591996180159714 0.00052968963980674748
leaf_weight=23 237 20 21 22 963 26 21 24 118 22 20 85 565 27 60 27 37 35 60 22 29 64 40 27 24 130 94 22 70 65
leaf_count=23 237 20 21 22 963 26 21 24 118 22 20 85 565 27 60 27 37 35 60 22 29 64 40 27 24 130 94 22 70 65
internal_value=-5.98899e-11 0.00501794 0.010127 0.0193103 -0.00752691 0.0156548 -0.00230151 -0.0026812 0.00730161 0.0208187 0.0161139 0.0212979 0.00779657 -0.00505641 -0.00403549 -0.00670817 0.00852886 0.0134459 0.00425581 0.0177466 0.0204615 0.0162509 0.0228851 0.00393023 -0.00467251 -0.00287509 0.00640134 -0.019638 -0.00700572 -0.0111213
internal_weight=3000 1800 1082 219 1200 197 44 718 138 153 127 105 863 580 553 456 97 298 95 203 182 160 104 56 429 383 118 46 265 195
internal_count=3000 1800 1082 219 1200 197 44 718 138 153 127 105 863 580 553 456 97 298 95 203 182 160 104 56 429 383 118 46 265 195
is_linear=0
shrinkage=0.05


Tree=80
num_leaves=31
num_cat=0
split_feature=3 0 0 1 3 2 0 3 2 0 1 3 2 2 1 2 4 4 3 1 2 2 1 1 1 1 2 2 2 3
split_gain=41.1285 18.9976 15.6082 12.6168 12.7732 6.57957 6.36717 5.40974 5.39159 4.95634 6.10111 7.01394 9.13052 6.30038 6.15332 6.09219 4.7002 4.61459 4.47288 4.29586 4.2259 8.07604 4.17944 4.11169 5.67733 4.17515 4.08386 5.5695 6.08337 5.24572
threshold=11.51478433609009 2.5000000000000004 3.5000000000000004 953622.71875000012 25.327569961547855 265.39271545410162 4.5000000000000009 1.8386867046356203 4762.9458007812509 1.5000000000000002 180470.44531250003 21.68216705322266 3701.6853027343755 928.16244506835949 134056.78906250003 1185.8608398437502 2.5000000000000004 1.5000000000000002 1.8386867046356203 978290.96875000012 1058.0411376953127 2181.2663574218755 502468.48437500006 226233.71093750003 853327.43750000012 98776.890625000015 1108.2451782226565 1979.1105957031252 1773.319274902344 10.657703399658205
decision_type=2 2 2 2 2 2 2 2 2 2 2 2 2 2 2 2 2 2 2 2 2 2 2 2 2 2 2 2 2 2
left_child=1 7 3 4 8 -3 18 16 9 -2 14 13 20 -12 -11 -15 17 -1 -7 -5 -13 -22 -17 25 -25 -6 -9 28 -28 -29
right_child=2 5 -4 19 23 6 -8 26 -10 10 11 12 -14 15 -16 22 -18 -19 -20 -21 21 -23 -24 24 -26 -27 27 29 -30 -31
leaf_value=0.018869543652094548 0.007429826876660996 -0.025376356074896952 -0.010589199267111587 0.034876449629664422 -0.01179779011469621 0.018189492491739137 -0.003332817779022008 0.022539316073414827 -0.01844061734953097 0.0024231819129765849 0.012799023865797633 -0.041224459331968555 0.010024696655039278 -0.0303127720579505 0.030360290083896232 -0.009230918431961813 0.010286159326250738 0.049875565070293046 0.0044466324003830477 0.0073854746917883561 0.0098742626095190654 -0.029205135228589942 0.0046745336016250742 -0.0056679614494706309 -0.029946013240675841 -0.041393480873243377 0.0074476732330959906 0.011201091595985755 -0.025930541967973116 0.036829573220827361
leaf_weight=21 249 21 700 30 26 70 253 84 35 73 74 23 28 20 27 97 26 28 384 27 20 39 122 172 28 22 43 216 20 22
leaf_count=21 249 21 700 30 26 70 253 84 35 73 74 23 28 20 27 97 26 28 384 27 20 39 122 172 28 22 43 216 20 22
internal_value=-4.40826e-12 0.00723023 -0.00474035 -0.00105852 -0.00229647 0.00220421 0.00302343 0.0151844 0.000753415 0.00162361 -0.00114073 -0.00376648 -0.0146271 5.03717e-05 0.0099662 -0.00389691 0.0274696 0.0365873 0.00656558 0.0218544 -0.0230448 -0.0159579 -0.0014845 -0.0122209 -0.00906689 -0.0253625 0.0127912 0.0100708 -0.00314859 0.0135701
internal_weight=3000 1188 1812 1112 1055 728 707 460 807 772 523 423 110 313 100 239 75 49 454 57 82 59 219 248 200 48 385 301 63 238
internal_count=3000 1188 1812 1112 1055 728 707 460 807 772 523 423 110 313 100 239 75 49 454 57 82 59 219 248 200 48 385 301 63 238
is_linear=0
shrinkage=0.05


Tree=81
num_leaves=31
num_cat=0
split_feature=3 0 0 0 3 2 2 2 2 2 1 2 1 2 1 1 1 2 4 1 1 2 2 2 0 4 1 2 2 3
split_gain=37.5015 22.0257 9.48843 7.24506 5.63658 5.57354 5.33572 4.55855 5.80513 4.76693 4.23188 10.2516 6.94434 10.6513 5.82675 11.1472 8.24045 5.78494 10.3886 8.13758 5.16878 10.7432 10.753 4.1866 3.8949 4.14935 3.73209 3.66361 3.64727 5.55394
threshold=15.90405321121216 3.5000000000000004 1.5000000000000002 1.5000000000000002 1.6801459789276125 265.39271545410162 881.50103759765636 2738.437622070313 4778.4514160156259 2465.015502929688 818306.25000000012 3972.6342773437505 861247.25000000012 2502.6926269531255 603934.96875000012 505616.54687500006 538039.25000000012 3657.390502929688 1.5000000000000002 385282.14062500006 687338.53125000012 1108.2451782226565 3141.858764648438 540.85943603515636 4.5000000000000009 2.5000000000000004 837731.87500000012 2791.2424316406255 1908.473815917969 0.6728980839252473
decision_type=2 2 2 2 2 2 2 2 2 2 2 2 2 2 2 2 2 2 2 2 2 2 2 2 2 2 2 2 2 2
left_child=1 3 26 23 28 -6 -7 9 24 -8 14 12 -12 -14 15 17 -17 18 27 -19 -16 -22 -23 -1 25 -9 -2 -5 -3 -30
right_child=2 4 -4 10 5 6 7 8 -10 -11 11 -13 13 -15 20 16 -18 19 -20 -21 21 22 -24 -25 -26 -27 -28 -29 29 -31
leaf_value=0.035086719455340733 -0.00039871823645602821 -0.0045336996018886565 -0.0081486702203560114 -0.014204297798614091 -0.029586205938830976 0.0093131510364009625 -0.0066570001575401274 0.014624269378726327 -0.022213518510883056 -0.026174768197693321 0.032482926476569404 0.042348851974087734 0.013787993051759576 -0.027301937427061301 -0.016454595219917025 0.052352782711386686 0.013301294519166862 -0.017074273758709936 0.015755883626097554 0.016500597633421422 0.03459032468852543 -0.02469867349912723 0.016615152478750266 0.014208730237238157 -0.0042710764033962855 -0.0060781862946254588 0.015180232440647874 0.0090872546387836331 0.038373243932922685 0.0043575009830029944
leaf_weight=26 234 25 1100 52 20 79 177 84 27 38 21 27 46 24 52 22 35 59 158 26 21 36 28 314 115 34 46 25 21 28
leaf_count=26 234 25 1100 52 20 79 177 84 27 38 21 27 46 24 52 22 35 59 158 26 21 36 28 314 115 34 46 25 21 28
internal_value=2.80173e-11 0.0051596 -0.00605692 0.00991987 -0.00198082 -0.00365518 -0.00271904 -0.00472019 -0.000265994 -0.0101067 0.00675367 0.0152929 0.0072653 -0.000299983 0.0047933 0.00800246 0.0283738 0.00437382 0.00841697 -0.00680431 -0.00403774 0.00355846 -0.00662387 0.0158053 0.00227728 0.00865916 0.00216068 -0.00664211 0.0110068 0.0189357
internal_weight=3000 1620 1380 972 648 574 554 475 260 215 632 118 91 70 514 377 57 320 235 85 137 85 64 340 233 118 280 77 74 49
internal_count=3000 1620 1380 972 648 574 554 475 260 215 632 118 91 70 514 377 57 320 235 85 137 85 64 340 233 118 280 77 74 49
is_linear=0
shrinkage=0.05


Tree=82
num_leaves=31
num_cat=0
split_feature=3 0 0 1 3 1 1 1 1 1 1 1 1 2 3 2 4 4 2 1 3 1 2 2 1 2 3 1 2 2
split_gain=34.739 14.6355 14.5868 8.98163 9.5967 5.7433 5.00594 5.25881 4.77518 4.62947 4.61628 4.51359 7.25218 5.44008 5.86601 4.47105 10.027 6.33314 10.1307 12.5565 6.27342 5.38177 5.14469 11.5918 8.94309 7.65388 6.52145 4.41556 4.18038 6.24612
threshold=9.4509568214416522 2.5000000000000004 2.5000000000000004 972324.31250000012 25.327569961547855 226233.71093750003 655902.12500000012 581080.90625000012 964399.78125000012 76152.750000000015 698375.75000000012 940657.50000000012 914968.46875000012 4688.8017578125009 0.56093293428421032 4143.1628417968759 2.5000000000000004 1.5000000000000002 3905.7060546875005 628641.03125000012 8.371282100677492 192478.43750000003 1838.4241333007815 2270.0502929687505 234045.14843750003 1273.1959228515627 3.9988626241683964 165369.53125000003 2975.978637695313 1792.574890136719
decision_type=2 2 2 2 2 2 2 2 2 2 2 2 2 2 2 2 2 2 2 2 2 2 2 2 2 2 2 2 2 2
left_child=2 3 8 4 6 -6 7 27 9 -1 -8 12 13 14 -4 17 -17 21 19 22 -21 -16 25 -24 -25 26 -19 -2 29 -12
right_child=1 -3 11 -5 5 -7 10 -9 -10 -11 28 -13 -14 -15 15 16 -18 18 -20 20 -22 -23 23 24 -26 -27 -28 -29 -30 -31
leaf_value=0.03197681095145085 0.012927017068838585 -0.0073119416558579294 0.02677085865288973 0.032156868926856833 -0.028309461416895776 -0.0054311839653782444 -0.022301589900248307 0.022634276187875207 0.039260251875966795 0.01230740733401035 0.0025744301793367967 -0.01564361625801652 0.032784432780352382 -0.017162214813288303 -0.022569334443386008 0.031927404469913906 -0.012227858798578382 -0.0025499523750373296 -0.027956335743268331 -0.00027568829747346731 -0.032298542354255916 -0.0013965784264395812 0.057302902927622204 0.034099883292660574 -0.00050436361411283184 -0.017384525341913103 0.029433031120916477 0.0010548136945414757 0.0091922512666011858 -0.022669136482536011
leaf_weight=33 111 1189 27 23 34 142 27 45 20 320 69 31 21 32 41 36 20 28 21 65 20 112 20 33 43 24 37 266 72 38
leaf_count=33 111 1189 27 23 34 142 27 45 20 320 69 31 21 32 41 36 20 28 21 65 20 112 20 33 43 24 37 266 72 38
internal_value=3.71176e-11 -0.00375898 0.00770133 0.0013492 0.000467885 -0.00985085 0.00335976 0.00647872 0.0154928 0.0141462 -0.00302957 0.00294485 0.00393837 0.0028547 0.00407015 0.00284432 0.0161577 0.00116515 0.00549515 0.00809693 -0.00781048 -0.00707032 0.0154057 0.023434 0.0145212 0.00674601 0.0156557 0.00455034 -0.000122622 -0.00639057
internal_weight=3000 2016 984 827 804 176 628 422 373 353 206 611 580 559 527 500 56 444 291 270 85 153 185 96 76 89 65 377 179 107
internal_count=3000 2016 984 827 804 176 628 422 373 353 206 611 580 559 527 500 56 444 291 270 85 153 185 96 76 89 65 377 179 107
is_linear=0
shrinkage=0.05


Tree=83
num_leaves=31
num_cat=0
split_feature=3 0 3 0 1 1 0 2 3 2 2 2 3 3 1 1 4 2 2 2 3 3 1 2 1 1 2 1 0 3
split_gain=31.6341 19.849 10.2274 8.41617 6.66156 7.06897 6.64725 6.5276 5.30242 5.13918 4.36151 6.44269 5.14408 12.1826 6.44473 8.72351 5.2149 5.15148 8.67799 7.38965 5.49178 10.1216 8.93535 6.08066 6.61527 7.34834 7.86574 5.71271 5.12817 5.80458
threshold=18.016186714172367 4.5000000000000009 0.56093293428421032 1.5000000000000002 951029.15625000012 918251.78125000012 1.5000000000000002 2569.3491210937505 9.9790482521057147 411.66578674316412 481.48173522949224 561.31130981445324 12.894777297973635 14.463211536407472 308546.34375000006 453958.60937500006 2.5000000000000004 4623.3518066406259 4257.6879882812509 4762.9458007812509 10.843852043151857 7.7976799011230478 331778.28125000006 3791.2832031250005 544028.43750000012 451289.06250000006 2774.8247070312505 837731.87500000012 3.5000000000000004 7.5695319175720224
decision_type=2 2 2 2 2 2 2 2 2 2 2 2 2 2 2 2 2 2 2 2 2 2 2 2 2 2 2 2 2 2
left_child=1 2 7 -4 5 10 -2 -1 -7 -3 28 -12 17 -14 -15 -16 -17 18 20 -19 21 23 -22 24 25 26 -13 -26 29 -5
right_child=6 9 3 4 -6 8 -8 -9 -10 -11 11 12 13 14 15 16 -18 19 -20 -21 22 -23 -24 -25 27 -27 -28 -29 -30 -31
leaf_value=0.049805687477981503 0.001213055073231054 0.016816994867732991 0.012625858249551017 -0.018981857150793077 -0.014406655876276396 0.038694273014194695 -0.0081344233365218815 0.011709835574678753 0.0044502738490700723 -0.0075820842190836889 0.031406467232260517 0.0049150451814996138 -0.01782849256244556 -0.0097856532284166936 0.040377020795384182 -0.0044902159467135197 0.022876328219556149 -0.032556707412004469 0.02851942077724506 0.0075423431410281752 -0.0061071038618683814 -0.0086143522170342279 0.026726121334498056 -0.010831075182391538 -0.0051523937731745503 0.042382593385875224 0.031666843643268716 0.023656521619043566 -0.027646419867549257 0.016846975634017818
leaf_weight=22 237 23 365 20 48 26 963 23 20 350 22 93 82 43 23 49 27 20 46 27 30 124 67 36 79 25 39 22 23 26
leaf_count=22 237 23 365 20 48 26 963 23 20 350 22 93 82 43 23 49 27 20 46 27 30 124 67 36 79 25 39 22 23 26
internal_value=5.91244e-12 0.0041922 0.00687659 0.00611277 0.00377523 0.00467588 -0.0062883 0.0303345 0.0238056 -0.00607758 0.0037225 0.00469947 0.00399328 -0.00248396 0.00637696 0.0133971 0.00523211 0.00637963 0.00771178 -0.00952108 0.00585323 0.00336597 0.0165715 0.0084189 0.0111049 0.0175266 0.012819 0.00112282 -0.00836933 0.00126922
internal_weight=3000 1800 1427 1382 1017 969 1200 45 46 373 923 854 832 224 142 99 76 608 561 47 515 418 97 294 258 157 132 101 69 46
internal_count=3000 1800 1427 1382 1017 969 1200 45 46 373 923 854 832 224 142 99 76 608 561 47 515 418 97 294 258 157 132 101 69 46
is_linear=0
shrinkage=0.05


Tree=84
num_leaves=31
num_cat=0
split_feature=3 3 0 0 1 3 1 2 3 2 2 2 4 2 2 2 3 0 1 1 1 3 1 2 2 3 2 1 3 3
split_gain=29.1638 12.3333 12.0738 11.5423 9.57272 7.95238 5.9469 5.3479 8.64407 5.16527 5.7572 5.88495 4.66974 4.45676 4.57526 5.61565 4.12661 3.92334 4.62652 7.06315 4.27164 7.87676 3.9924 4.07006 3.70192 3.65725 3.49603 3.31523 7.89693 5.49818
threshold=10.425682544708254 0.2394555285573006 2.5000000000000004 2.5000000000000004 972324.31250000012 25.327569961547855 165369.53125000003 3406.906127929688 29.374486923217777 328.71913146972662 1399.3988037109377 1225.308776855469 1.5000000000000002 2738.437622070313 2317.838012695313 1367.3093872070315 15.008051395416262 4.5000000000000009 693590.28125000012 274855.29687500006 146036.14062500003 5.6780462265014657 353169.50000000006 2029.9450683593752 366.08822631835943 28.536229133605961 328.71913146972662 439496.71875000006 2.4892965555191044 4.8992598056793222
decision_type=2 2 2 2 2 2 2 2 2 2 2 2 2 2 2 2 2 2 2 2 2 2 2 2 2 2 2 2 2 2
left_child=1 -1 4 26 5 6 -2 8 13 -8 11 12 -11 14 15 -7 -14 24 19 20 21 -19 -21 -24 -5 -9 -3 -28 -29 -30
right_child=2 3 -4 17 -6 7 9 25 -10 10 -12 -13 16 -15 -16 -17 -18 18 -20 22 -22 -23 23 -25 -26 -27 27 28 29 -31
leaf_value=0.04206854223545331 0.013635958181166986 0.031911293849010362 -0.0069669619698248496 -0.016387498853728175 0.033588546379046007 -0.010078042318984386 -0.02156523321568966 -0.03556066745961154 -0.030133348472416402 -0.011898029301888668 -0.0014241266163465167 0.035401032013552533 -0.0036618494661524894 0.019664122217467855 -0.024184613712131979 0.022529802637038063 0.022112594477154995 0.022816347517073156 -0.015333958270579776 0.027479658788070085 -0.023112105254808238 -0.021559211872518066 -0.0096751092873033021 0.014596928958781064 0.0056590814984424668 -0.0080973981456323105 0.0060747162416213904 0.034953622972326619 -0.0031819159174337982 0.01660180502113397
leaf_weight=24 106 22 1138 20 22 31 25 27 25 26 350 21 24 28 20 23 44 20 61 24 36 20 31 39 397 22 164 42 50 118
leaf_count=24 106 22 1138 20 22 31 25 27 25 26 350 21 24 28 20 23 44 20 61 24 36 20 31 39 397 22 164 42 50 118
internal_value=2.34383e-12 0.00663054 -0.00366533 0.00581588 0.00106673 0.00013994 0.00289762 -0.00919855 -0.00378476 0.000574628 0.00176494 0.0114708 0.00612469 0.00267323 -0.00375576 0.00381048 0.0130157 0.00170603 -0.00352122 0.000717474 -0.010617 0.000628568 0.00988153 0.00384788 0.00460169 -0.0232302 0.0125411 0.0114017 0.0155618 0.0107138
internal_weight=3000 1068 1932 1044 794 772 596 176 127 490 465 115 94 102 74 54 68 648 231 170 76 40 94 70 417 49 396 374 210 168
internal_count=3000 1068 1932 1044 794 772 596 176 127 490 465 115 94 102 74 54 68 648 231 170 76 40 94 70 417 49 396 374 210 168
is_linear=0
shrinkage=0.05


Tree=85
num_leaves=31
num_cat=0
split_feature=3 0 0 3 1 1 1 1 2 3 2 1 1 2 1 2 2 1 2 2 1 2 2 3 0 2 1 3 3 3
split_gain=26.4984 11.7308 11.1534 8.87722 4.44104 4.28474 4.00747 5.96455 4.81299 4.98234 7.28148 5.02573 8.36587 5.18267 4.93756 4.11417 11.9499 8.27192 3.77525 5.5008 4.26336 3.92992 3.66156 3.53563 3.37904 4.13368 5.31584 3.26556 8.46153 4.45882
threshold=9.4509568214416522 3.5000000000000004 2.5000000000000004 26.324682235717777 964399.78125000012 76152.750000000015 940657.50000000012 914968.46875000012 4688.8017578125009 1.8386867046356203 2774.8247070312505 720042.28125000012 788917.18750000012 2247.8928222656255 483396.90625000006 3443.7299804687505 4006.0207519531255 122575.39453125001 3701.6853027343755 4636.0039062500009 385282.14062500006 3371.7180175781255 3826.6877441406255 29.374486923217777 2.5000000000000004 2738.437622070313 536465.46875000012 2.1353662014007573 1.1313579678535464 8.6127552986145037
decision_type=2 2 2 2 2 2 2 2 2 2 2 2 2 2 2 2 2 2 2 2 2 2 2 2 2 2 2 2 2 2
left_child=2 3 4 -2 5 -1 7 8 9 10 -4 15 -13 -14 -12 17 -17 -11 21 20 -20 27 23 24 25 26 -5 28 -7 -29
right_child=1 -3 6 22 -6 18 -8 -9 -10 11 14 12 13 -15 -16 16 -18 -19 19 -21 -22 -23 -24 -25 -26 -27 -28 29 -30 -31
leaf_value=0.029394499020594541 0.0017197336305751184 -0.0080442920116368492 0.00074684780377608088 0.0080990827614989356 0.036460063667036594 0.016286206646607473 -0.014948352562984633 0.029663305751801955 -0.016307554137893022 -0.012788052483284401 0.013609953417822167 -0.031835313197890562 -0.015723467880377064 0.013087251339409803 0.045936200315398829 -0.026244213930821342 0.011117028559044916 0.011558688786621116 0.0099257643249901859 -0.00032288033515214925 0.037453289438062941 -0.012935343583707105 -0.023805594182497749 -0.019361472720416582 -0.013783605065610674 0.017779937554751674 -0.022272858791053299 0.016303457534892391 -0.026972316633909945 -0.0052776916530625573
leaf_weight=33 1015 788 52 34 20 26 31 21 32 42 27 28 27 37 21 38 49 206 22 25 39 22 37 41 45 31 25 137 20 29
leaf_count=33 1015 788 52 34 20 26 31 21 32 42 27 28 27 37 21 38 49 206 22 25 39 22 37 41 45 31 25 137 20 29
internal_value=-2.26394e-11 -0.003283 0.00672616 -0.000227715 0.0135392 0.0122406 0.00256695 0.00350311 0.00252035 0.0036636 0.0137097 0.00131089 -0.00904015 0.000932729 0.0277527 0.00415357 -0.00520168 0.00743545 0.0104716 0.0194299 0.0275253 0.00717922 -0.00950781 -0.00650203 -0.00259657 0.00299695 -0.00477038 0.00926658 -0.00252185 0.0125333
internal_weight=3000 2016 984 1228 373 353 611 580 559 527 100 427 92 64 48 335 87 248 320 86 61 234 213 176 135 90 59 212 46 166
internal_count=3000 2016 984 1228 373 353 611 580 559 527 100 427 92 64 48 335 87 248 320 86 61 234 213 176 135 90 59 212 46 166
is_linear=0
shrinkage=0.05


Tree=86
num_leaves=31
num_cat=0
split_feature=3 0 3 0 1 1 2 0 2 3 2 3 2 2 2 1 2 2 0 3 3 3 1 1 2 2 2 3 3 1
split_gain=24.6366 15.8228 8.15379 6.56818 6.08394 6.17599 5.86835 5.41268 4.74194 5.03344 5.11687 4.36495 3.98383 12.2224 4.24078 4.38359 3.85505 5.9111 4.36918 5.38805 3.86928 11.026 5.9147 7.80311 4.36666 7.3535 6.66604 5.55503 8.76663 8.0889
threshold=18.016186714172367 4.5000000000000009 0.56093293428421032 1.5000000000000002 951029.15625000012 918251.78125000012 2569.3491210937505 1.5000000000000002 4762.9458007812509 12.047929763793947 4143.1628417968759 9.9790482521057147 3391.3032226562505 3166.336059570313 451.32730102539068 134056.78906250003 481.48173522949224 561.31130981445324 3.5000000000000004 7.5695319175720224 12.894777297973635 14.463211536407472 308546.34375000006 439496.71875000006 4623.3518066406259 4257.6879882812509 4762.9458007812509 10.843852043151857 7.7976799011230478 331778.28125000006
decision_type=2 2 2 2 2 2 2 2 2 2 2 2 2 2 2 2 2 2 2 2 2 2 2 2 2 2 2 2 2 2
left_child=1 2 6 -4 5 16 -1 -2 9 10 12 -7 13 14 -3 -16 18 -18 19 -5 24 -22 -23 -24 25 27 -26 28 -19 -29
right_child=7 8 3 4 -6 11 -8 -9 -10 -11 -12 -13 -14 -15 15 -17 17 20 -20 -21 21 22 23 -25 26 -27 -28 29 -30 -31
leaf_value=0.045503362374041567 0.0012196114656165683 0.016478537745396829 0.011168073904509211 -0.018663471713662148 -0.014026459904077151 0.03559921282486847 0.009382439939224203 -0.0072152769483124456 -0.027987958279184322 -0.013816742501027572 0.020197569565088662 0.0045295203942805531 -0.019178867083974184 0.034963029369034553 -0.029307669401168825 -0.0042009449689964151 0.029818842877549209 0.0073472552498023277 -0.025842709460741155 0.015855911374092101 -0.016654640324868082 -0.0091105811427845528 0.040997167322784661 0.006035436424898291 -0.030887600071728229 0.026011099559052481 0.007197579065406765 -0.005651674494147301 -0.0085049640484935341 0.025587722477364117
leaf_weight=22 237 21 365 20 48 26 23 963 22 96 27 20 32 22 20 133 22 294 23 26 82 43 20 79 20 46 27 30 124 67
leaf_count=22 237 21 365 20 48 26 23 963 22 96 27 20 32 22 20 133 22 294 23 26 82 43 20 79 20 46 27 30 124 67
internal_value=-3.90573e-12 0.00369959 0.00609631 0.0054143 0.00334928 0.00421 0.0270416 -0.00554939 -0.00546964 -0.00405823 -0.000384441 0.0220907 -0.00282178 -0.00015124 -0.00459098 -0.00748287 0.00331888 0.00423738 -0.00804925 0.000847484 0.00356094 -0.00205666 0.00637315 0.0130984 0.00563059 0.00685707 -0.00900888 0.00514622 0.00264468 0.0159261
internal_weight=3000 1800 1427 1382 1017 969 45 1200 373 351 255 46 228 196 174 153 923 854 69 46 832 224 142 99 608 561 47 515 418 97
internal_count=3000 1800 1427 1382 1017 969 45 1200 373 351 255 46 228 196 174 153 923 854 69 46 832 224 142 99 608 561 47 515 418 97
is_linear=0
shrinkage=0.05


Tree=87
num_leaves=31
num_cat=0
split_feature=3 0 0 3 2 3 3 2 1 1 1 1 2 2 2 2 3 2 2 2 2 1 2 2 2 3 2 1 2 2
split_gain=22.2529 13.338 5.85221 4.64325 9.42225 9.51348 9.26052 4.74569 4.81354 14.5334 7.56751 6.78308 6.29305 4.54033 4.33881 4.68444 4.54026 7.58499 4.67954 7.00216 9.18416 5.71026 6.92741 4.77082 3.67318 3.41973 3.22593 3.03869 2.99639 14.8831
threshold=15.90405321121216 3.5000000000000004 1.5000000000000002 1.8386867046356203 3141.858764648438 0.56093293428421032 1.1313579678535464 1108.2451782226565 460167.93750000006 165369.53125000003 608271.71875000012 761390.31250000012 629.31814575195324 1253.6510009765627 265.39271545410162 4778.4514160156259 1.8386867046356203 2106.0119628906255 881.50103759765636 4006.0207519531255 3701.6853027343755 729118.34375000012 4369.1840820312509 2752.932006835938 2465.015502929688 0.76883831620216381 650.47491455078136 837731.87500000012 2662.3679199218755 1979.1105957031252
decision_type=2 2 2 2 2 2 2 2 2 2 2 2 2 2 2 2 2 2 2 2 2 2 2 2 2 2 2 2 2 2
left_child=1 3 27 4 5 -1 -6 8 9 -5 -10 -12 -11 -9 -3 16 17 -16 -18 20 23 22 -21 24 -20 -19 -13 28 29 -2
right_child=2 14 -4 7 6 -7 -8 13 10 12 11 26 -14 -15 15 -17 18 25 19 21 -22 -23 -24 -25 -26 -27 -28 -29 -30 -31
leaf_value=0.03053669221699238 -0.0072315904594769213 -0.023937901172653906 -0.0063085017864782881 0.028722089176115236 0.013507649362087249 -0.0085980365899476132 0.057986668759787634 -0.019005197491496803 0.046322597466085275 -0.032269754239612002 -0.010537772856297948 0.034623492056769983 0.0029373453184962273 0.0051805439624582582 -0.0084326304081413488 -0.019169108140649219 0.0099011793502797509 0.040498673431575302 -0.0055451003290018291 0.032614146052476242 -0.037205466077379561 -0.008773965138243512 -6.6579790455439399e-05 0.0041422363153058236 -0.021837362591826986 0.01193169285543263 0.0093514856275009085 0.013535912278229777 -0.0061794709867964955 0.030849082120939304
leaf_weight=24 79 21 1100 38 25 44 22 20 23 22 21 28 30 652 27 33 78 20 177 34 23 32 31 107 43 22 23 46 117 38
leaf_count=24 79 21 1100 38 25 44 22 20 23 22 21 28 30 652 27 33 78 20 177 34 23 32 31 107 43 22 23 46 117 38
internal_value=5.21929e-11 0.00397452 -0.00466575 0.00767888 0.0171127 0.00521422 0.0343276 0.00641296 0.0135043 0.00521806 0.0213544 0.0133785 -0.011958 0.00446073 -0.00158201 -0.000833245 0.000185414 0.0122433 -0.00139934 -0.00337124 -0.0066657 0.00851598 0.017028 -0.00451765 -0.0087295 0.025535 0.0232263 0.00178794 -0.00052149 0.00513649
internal_weight=3000 1620 1380 972 115 68 47 857 185 90 95 72 52 672 648 627 594 69 525 447 350 97 65 327 220 42 51 280 234 117
internal_count=3000 1620 1380 972 115 68 47 857 185 90 95 72 52 672 648 627 594 69 525 447 350 97 65 327 220 42 51 280 234 117
is_linear=0
shrinkage=0.05


Tree=88
num_leaves=31
num_cat=0
split_feature=3 0 3 2 3 1 3 1 1 3 2 0 1 3 0 2 2 1 1 1 1 2 2 3 2 2 2 3 2 2
split_gain=20.2575 13.386 6.97934 6.32957 6.31043 4.78672 5.37316 5.12089 4.95214 11.5322 4.36834 4.36046 4.30969 4.28524 4.2384 4.09251 13.015 5.42877 8.42022 4.37533 5.70559 3.93151 3.71388 3.54448 3.72314 13.4589 3.47488 4.15703 5.53544 5.53241
threshold=18.016186714172367 4.5000000000000009 3.7451877593994145 754.15093994140636 2.1353662014007573 955792.31250000012 22.743702888488773 895394.71875000012 818306.25000000012 23.341111183166507 411.66578674316412 1.5000000000000002 756486.37500000012 24.508625984191898 1.5000000000000002 3480.9289550781255 4075.356567382813 64097.826171875007 165369.53125000003 445193.03125000006 866256.93750000012 2270.0502929687505 2938.6704101562505 0.31226313114166265 4465.0976562500009 4093.1667480468755 4762.9458007812509 5.8921234607696542 2106.0119628906255 1273.1959228515627
decision_type=2 2 2 2 2 2 2 2 2 2 2 2 2 2 2 2 2 2 2 2 2 2 2 2 2 2 2 2 2 2
left_child=1 2 3 4 -1 7 -7 8 12 -10 -3 15 14 -14 -2 17 -17 -4 -19 21 -21 -20 -11 -5 25 -25 27 28 29 -12
right_child=5 10 11 23 -6 6 -8 -9 9 22 26 -13 13 -15 -16 16 -18 18 19 20 -22 -23 -24 24 -26 -27 -28 -29 -30 -31
leaf_value=-0.022505560067171852 0.0018255143234945045 0.016028913956783391 -0.010476008758401309 0.032439410175990176 0.015522580854594709 -0.0075546379201114179 0.024685884080827239 -0.018246057026676442 0.028384906022499008 -0.017197821963880516 0.0048530081063508992 0.0018831209371618339 -0.030187084398099358 -0.0039439956524542404 -0.0067006323152747202 -0.023844613055033343 0.014521191864041612 0.045592354557343895 -0.012660729419440032 0.026996875260598387 0.0029959411732852458 0.01434033000125335 0.0087438465180722149 0.011395199919536792 -0.0037979447149804665 0.054595047553302724 -0.025702749023383317 -0.0092015925181111163 0.011914328042643542 -0.030428609700829841
leaf_weight=24 182 23 22 27 20 24 28 76 36 37 25 828 35 28 732 35 60 21 28 65 40 26 22 183 28 20 22 217 66 20
leaf_count=24 182 23 22 27 20 24 28 76 36 37 25 828 35 28 732 35 60 21 28 65 40 26 22 183 28 20 22 217 66 20
internal_value=-1.44248e-11 0.00335472 0.00555918 0.0123082 -0.00522004 -0.00503209 0.00980564 -0.00570418 -0.00481502 0.00608318 -0.00507893 0.00374745 -0.00587472 -0.0185235 -0.00500287 0.00894498 0.000386422 0.01297 0.0158357 0.0119056 0.0178537 0.000339781 -0.00752466 0.0152975 0.0132939 0.0156513 -0.00646602 -0.00517575 0.00269458 -0.0108277
internal_weight=3000 1800 1427 302 44 1200 52 1148 1072 95 373 1125 977 63 914 297 95 202 180 159 105 54 59 258 231 203 350 328 111 45
internal_count=3000 1800 1427 302 44 1200 52 1148 1072 95 373 1125 977 63 914 297 95 202 180 159 105 54 59 258 231 203 350 328 111 45
is_linear=0
shrinkage=0.05


Tree=89
num_leaves=31
num_cat=0
split_feature=3 3 0 0 3 1 1 1 1 3 2 2 4 2 1 2 2 2 1 4 2 2 2 3 1 1 2 2 1 2
split_gain=18.4463 9.2293 8.45453 8.01836 7.06663 3.69941 4.7019 11.6982 10.2281 6.27636 4.10741 7.39756 6.3268 3.97293 5.30438 4.98462 3.26404 3.39703 4.57397 8.11276 7.39094 5.71317 8.89546 5.40708 8.27024 6.95339 4.45527 11.1026 8.31229 6.47831
threshold=9.4509568214416522 0.2394555285573006 3.5000000000000004 2.5000000000000004 26.324682235717777 76152.750000000015 678868.46875000012 587184.46875000012 489560.43750000006 1.6073193550109866 4304.7185058593759 3480.9289550781255 1.5000000000000002 1304.8403930664065 788917.18750000012 2628.9577636718755 4688.8017578125009 4427.8935546875009 628641.03125000012 1.5000000000000002 3905.7060546875005 2247.8928222656255 1660.493103027344 2.9618983268737797 192478.43750000003 305003.51562500006 1838.4241333007815 2270.0502929687505 234045.14843750003 1367.3093872070315
decision_type=2 2 2 2 2 2 2 2 2 2 2 2 2 2 2 2 2 2 2 2 2 2 2 2 2 2 2 2 2 2
left_child=1 -1 4 5 -2 -3 7 8 9 -7 11 12 -11 -8 -15 -16 17 18 19 23 26 22 -20 -5 -25 -26 29 -28 -29 -21
right_child=2 3 -4 16 -6 6 13 -9 -10 10 -12 -13 -14 14 15 -17 -18 -19 21 20 -22 -23 -24 24 25 -27 27 28 -30 -31
leaf_value=0.036237675215428075 0.0015921634021433062 0.026668306188940102 -0.0067812393019931697 0.011578522346010714 -0.0084251819703150804 -0.017953299757625378 0.032275623095131691 -0.028351176256668015 0.034944345020959458 0.031901060283184055 0.028415455580467271 -0.022299004279609239 0.0015652421997352081 0.031366693820804363 -0.013343625277280807 0.014614908837459304 -0.013531712059463775 0.01706479664684998 -0.0057467193963627022 0.013275963398764896 -0.012501405347739497 0.0033743414945982316 -0.043810906524886381 -0.034657131654343441 0.020678321890194307 -0.014166255113555166 0.053318099269554733 0.030701847975918403 -0.0012259644916915197 -0.017938533205200325
leaf_weight=24 1015 33 788 33 213 28 31 24 31 25 21 21 55 25 25 44 35 36 66 68 31 91 20 28 22 41 21 36 47 22
leaf_count=24 1015 33 788 33 213 28 31 24 31 25 21 21 55 25 25 44 35 36 66 68 31 91 20 28 22 41 21 36 47 22
internal_value=4.00216e-11 0.00561193 -0.00273915 0.00484628 -0.000145373 0.0107065 0.00911028 0.00444983 0.00879913 0.00339579 0.00829558 0.00411224 0.0110452 0.0167534 0.0116344 0.00448501 0.00128306 0.00220568 0.00118871 0.00450917 0.0101684 -0.0053584 -0.0145989 -0.00575969 -0.0120472 -0.00199831 0.0137909 0.0208397 0.0126222 0.00564575
internal_weight=3000 984 2016 960 1228 363 330 205 181 150 122 101 80 125 94 69 597 562 526 349 225 177 86 124 91 63 194 104 83 90
internal_count=3000 984 2016 960 1228 363 330 205 181 150 122 101 80 125 94 69 597 562 526 349 225 177 86 124 91 63 194 104 83 90
is_linear=0
shrinkage=0.05


Tree=90
num_leaves=31
num_cat=0
split_feature=3 0 2 2 2 3 2 0 3 1 2 2 2 2 1 1 2 2 3 3 2 1 2 2 1 0 3 3 1 2
split_gain=16.9883 11.2777 3.9845 5.33903 6.2577 4.19784 6.23534 3.93059 3.90029 8.64297 5.92646 5.22592 4.1172 3.71714 8.10886 10.3288 6.3526 6.33092 3.96959 6.65267 4.80518 4.83501 4.0508 3.40694 6.87083 7.19358 4.30258 4.08352 3.19475 3.0368
threshold=17.39902496337891 3.5000000000000004 265.39271545410162 411.66578674316412 524.96627807617199 1.8386867046356203 881.50103759765636 1.5000000000000002 1.8386867046356203 751478.40625000012 3141.858764648438 1660.493103027344 304.37365722656256 4006.0207519531255 729118.34375000012 432210.00000000006 4388.2341308593759 3701.6853027343755 6.429286241531373 5.4064724445343026 1140.1290283203127 655902.12500000012 1947.1563110351565 2662.3679199218755 226233.71093750003 4.5000000000000009 9.1587767601013201 13.705627441406252 883564.53125000012 2106.0119628906255
decision_type=2 2 2 2 2 2 2 2 2 2 2 2 2 2 2 2 2 2 2 2 2 2 2 2 2 2 2 2 2 2
left_child=1 8 -3 -4 -5 29 -7 -2 9 10 11 -1 -10 17 15 16 -15 18 19 -8 -20 23 -23 26 -25 -26 -22 -28 -16 -6
right_child=7 2 3 4 5 6 13 -9 12 -11 -12 -13 -14 14 28 -17 -18 -19 20 -21 21 22 -24 24 25 -27 27 -29 -30 -31
leaf_value=0.010854985757220176 0.001149904017802328 -0.023203861949011861 0.024359463006258013 -0.028079964531670238 -0.0051735004498845057 0.015679773336953737 -0.0048461651023572845 -0.0058213210532898612 0.021518862869982659 0.041165399163961412 0.023647382043095102 -0.020601027199755546 0.0047154104644010078 0.018581481548872861 -0.029526680158451203 0.031936610468059172 -0.016104883236359013 -0.030760691374540329 -0.028602303349627902 0.021934742254741263 0.00045092725194990636 0.017752094302446612 -0.0047055002105863475 -0.027053716406226159 -0.012364827543497086 0.030042661465704442 -0.038836619909852745 -0.010475905731701377 -0.0016040993588311331 0.017623216654950133
leaf_weight=31 253 21 20 22 21 44 78 1007 38 25 36 23 896 22 20 37 33 25 26 33 20 31 57 20 20 20 30 22 21 48
leaf_count=31 253 21 20 22 21 44 78 1007 38 25 36 23 896 22 20 37 33 25 26 33 20 31 57 20 20 20 30 22 21 48
internal_value=2.53482e-11 0.00320181 -0.00175789 -0.0010857 -0.00186863 -0.000950399 -0.00238662 -0.00442154 0.00646887 0.0151576 0.00793319 -0.00254295 0.00539906 -0.00393016 0.00326892 0.0115107 -0.00223034 -0.00643664 -0.00473328 0.00311573 -0.0082749 -0.00587257 0.0032057 -0.0119248 -0.00312529 0.00883892 -0.0192576 -0.0268379 -0.0152249 0.0106851
internal_weight=3000 1740 691 670 650 628 559 1260 1049 115 90 54 934 515 133 92 55 382 357 111 246 220 88 132 60 40 72 52 41 69
internal_count=3000 1740 691 670 650 628 559 1260 1049 115 90 54 934 515 133 92 55 382 357 111 246 220 88 132 60 40 72 52 41 69
is_linear=0
shrinkage=0.05


Tree=91
num_leaves=31
num_cat=0
split_feature=3 0 3 2 2 1 3 1 1 3 2 1 1 2 3 1 1 1 0 2 2 1 1 1 1 2 1 2 1 3
split_gain=15.3849 10.8451 5.40812 4.65287 4.94145 4.29174 4.88401 4.57413 4.48156 6.35456 3.80402 3.43462 5.50935 6.49435 6.05778 3.93653 4.83203 6.21442 3.25157 3.45029 11.359 4.9533 7.63771 3.9525 4.90164 4.13864 3.3548 3.19635 3.11972 3.08557
threshold=18.016186714172367 4.5000000000000009 3.6517024040222172 754.15093994140636 434.29017639160162 955792.31250000012 22.743702888488773 895394.71875000012 829931.62500000012 23.341111183166507 411.66578674316412 843888.53125000012 578038.71875000012 4539.2863769531259 1.8386867046356203 361299.67187500006 238371.18750000003 154052.79687500003 1.5000000000000002 3480.9289550781255 4075.356567382813 64097.826171875007 165369.53125000003 451289.06250000006 866256.93750000012 2270.0502929687505 564601.78125000012 2569.3491210937505 928031.00000000012 14.568040370941164
decision_type=2 2 2 2 2 2 2 2 2 2 2 2 2 2 2 2 2 2 2 2 2 2 2 2 2 2 2 2 2 2
left_child=1 2 3 4 -1 7 -7 8 -2 -10 -3 12 13 15 -14 16 17 -5 19 21 -21 -4 -23 25 -25 -24 -22 -17 -26 -20
right_child=5 10 18 11 -6 6 -8 -9 9 -11 -12 -13 14 -15 -16 27 -18 -19 29 20 26 22 23 24 28 -27 -28 -29 -30 -31
leaf_value=0.013129364475607872 -0.0051240171460191601 0.015029729058480133 -0.010894490571015261 0.0087748485666356586 -0.021597408552077556 -0.0068869059594968965 0.023851080930658752 -0.016875153804492012 0.024436660925857723 -0.0038821980715371095 -0.0059619880621321506 0.027146459628756232 0.014902616904761929 -0.010140165083465123 -0.018334417600698514 0.04582429455504531 -0.0042148662938012024 0.041703912421413095 0.00020429728829294893 -0.022674099409154484 0.026238782791834739 0.042581630923918319 -0.013315071600714122 0.024858151598891709 -0.011417402541264892 0.013887616605670365 0.002473651736297391 0.020019130621637619 0.016509804129600524 0.0077349418780374296
leaf_weight=20 988 23 22 38 21 24 28 76 32 52 350 39 26 21 29 21 27 23 665 35 27 21 29 64 20 27 33 28 20 171
leaf_count=20 988 23 22 38 21 24 28 76 32 52 350 39 26 21 29 21 27 23 665 35 27 21 29 64 20 27 33 28 20 171
internal_value=5.21191e-11 0.00292355 0.00490779 0.0109633 -0.00465752 -0.00438533 0.00966432 -0.00502173 -0.00418137 0.00690594 -0.00466759 0.0135048 0.0110071 0.0157515 -0.00262236 0.0197203 0.0133958 0.0211907 0.00334317 0.00782758 -3.70088e-05 0.011508 0.014231 0.01051 0.0162766 -0.00019949 0.013168 0.0310785 0.0025462 0.00174466
internal_weight=3000 1800 1427 293 41 1200 52 1148 1072 84 373 252 213 158 55 137 88 61 1134 298 95 203 181 160 104 56 60 49 40 836
internal_count=3000 1800 1427 293 41 1200 52 1148 1072 84 373 252 213 158 55 137 88 61 1134 298 95 203 181 160 104 56 60 49 40 836
is_linear=0
shrinkage=0.05


Tree=92
num_leaves=31
num_cat=0
split_feature=3 3 0 1 1 1 3 3 2 3 1 3 0 2 2 0 3 1 3 3 2 1 1 2 4 1 2 2 1 1
split_gain=14.3245 8.32486 6.88512 9.09392 6.96492 15.375 7.87722 7.01003 6.54337 6.49582 6.46471 6.20247 5.99991 5.94069 9.72493 7.45453 7.48406 7.28706 5.95595 6.91883 10.6916 5.52589 5.25282 4.77111 5.88212 4.49455 4.3671 7.26965 4.57969 4.64848
threshold=12.047929763793947 0.2394555285573006 3.5000000000000004 953622.71875000012 875822.31250000012 829931.62500000012 23.341111183166507 20.928581237792972 2975.978637695313 14.075252532958986 797161.93750000012 15.008051395416262 2.5000000000000004 3189.324340820313 1058.0411376953127 1.5000000000000002 27.987103462219242 643444.12500000012 22.144941329956058 13.747044086456301 411.66578674316412 280046.51562500006 432210.00000000006 3539.369262695313 1.5000000000000002 566724.93750000012 4623.3518066406259 4866.2524414062509 428300.09375000006 353169.50000000006
decision_type=2 2 2 2 2 2 2 2 2 2 2 2 2 2 2 2 2 2 2 2 2 2 2 2 2 2 2 2 2 2
left_child=1 -1 3 4 5 10 -7 8 -6 25 13 -11 -3 14 18 -16 17 -17 19 -2 -21 -22 -20 24 -15 -4 28 -28 29 -25
right_child=2 12 9 -5 7 6 -8 -9 -10 11 -12 -13 -14 23 15 16 -18 -19 22 20 21 -23 -24 26 -26 -27 27 -29 -30 -31
leaf_value=0.033256902076148738 -0.023806423135101798 0.0078875827582383876 -0.0096546705542622444 0.019380736472931776 -0.016966321025833939 0.048756728369904606 0.0069075047461823989 -0.031880739631338251 0.019277716549113394 0.014361825765043156 -0.025305273596729551 -0.0064999478277073435 0.00071480670936824439 0.0035646280832588675 0.017189023589132324 0.0096777758862384988 -0.020556239155121149 -0.015679199206094972 -0.0046874776920851546 0.034146210271865131 -0.026211634278297424 0.005600454220764859 -0.032281655509557049 -0.0011259957173362721 -0.029380639156858835 -0.035087535763159393 -0.03228911191225052 0.0050737509665929759 0.0083741742689008979 -0.025252738824257482
leaf_weight=24 24 479 38 55 33 23 22 36 20 38 28 571 745 20 121 170 32 34 34 25 20 43 35 86 42 32 30 23 91 26
leaf_count=24 24 479 38 55 33 23 22 36 20 38 28 571 745 20 121 170 32 34 34 25 20 43 35 86 42 32 30 23 91 26
internal_value=-3.75071e-11 0.00409363 -0.00291601 -0.0004226 -0.00149252 -0.000212432 0.0282971 -0.0148544 -0.00328933 -0.00685626 -0.00166371 -0.00519823 0.0035218 -0.000890387 0.002312 0.0070986 0.00192512 0.00545161 -0.00712897 -9.92904e-06 0.00648002 -0.00449862 -0.0186845 -0.00630827 -0.0187531 -0.0212811 -0.00329427 -0.016075 4.25764e-05 -0.00672685
internal_weight=3000 1248 1752 1073 1018 929 45 89 53 679 884 609 1224 856 538 357 236 204 181 112 88 63 69 318 62 70 256 53 203 112
internal_count=3000 1248 1752 1073 1018 929 45 89 53 679 884 609 1224 856 538 357 236 204 181 112 88 63 69 318 62 70 256 53 203 112
is_linear=0
shrinkage=0.05


Tree=93
num_leaves=31
num_cat=0
split_feature=3 3 1 0 1 0 2 2 2 3 2 3 2 2 2 1 2 1 1 3 1 1 1 2 3 1 2 3 1 1
split_gain=13.0789 7.24105 6.88679 5.78481 7.63536 5.64036 5.5283 5.18635 7.24372 4.90601 4.57949 6.80381 4.48652 4.3211 4.25064 4.24468 6.22969 5.88919 5.94579 5.10928 6.0422 5.44247 3.97125 9.03314 6.3904 8.50242 9.0441 4.6193 11.031 5.2952
threshold=10.425682544708254 0.2394555285573006 22044.779296875004 2.5000000000000004 972324.31250000012 3.5000000000000004 4707.7426757812509 4257.6879882812509 4539.2863769531259 29.374486923217777 4143.1628417968759 6.8164260387420663 244.41426849365237 244.41426849365237 496.53321838378912 122575.39453125001 3863.8132324218755 353169.50000000006 246552.79687500003 4.5510237216949472 578038.71875000012 756486.37500000012 505616.54687500006 3509.134643554688 6.5874056816101083 165369.53125000003 1961.894958496094 8.7204403877258319 566724.93750000012 802465.46875000012
decision_type=2 2 2 2 2 2 2 2 2 2 2 2 2 2 2 2 2 2 2 2 2 2 2 2 2 2 2 2 2 2
left_child=1 -1 -3 4 9 7 10 12 -9 13 15 -12 -4 -2 -15 -7 17 18 -17 20 -19 -21 23 24 25 -14 -27 28 -24 -29
right_child=3 2 5 -5 -6 6 -8 8 -10 -11 11 -13 22 14 -16 16 -18 19 -20 21 -22 -23 27 -25 -26 26 -28 29 -30 -31
leaf_value=0.031594056946535908 -0.021493500843644143 0.032159774803689554 0.026387205760164019 -0.004739919521024219 0.029865908690474254 -0.017674943104990432 -0.02309256579588961 0.034714217509867418 0.0064315409819427575 -0.018297325191753252 -0.0017442207210339033 0.037046106066554785 0.014877696993739108 0.020268254033450422 0.00072592840620805963 0.0013315869301979274 -0.026753806397318843 0.023377687608202302 0.026689236611127855 -0.018284241054872318 -0.0047900361360775105 0.003442485877597819 0.044390557553957814 -0.023334366227619543 0.015831511484888882 -0.026223191484808922 0.0061374588158765904 -0.022135086178779604 0.006884113336887418 0.011922222943533034
leaf_weight=24 21 21 22 1138 22 37 27 36 61 35 26 20 43 29 687 53 20 33 41 70 45 49 22 39 65 50 38 25 180 21
leaf_count=24 21 21 22 1138 22 37 27 36 61 35 26 20 43 29 687 53 20 33 41 70 45 49 22 39 65 50 38 25 180 21
internal_value=-8.88404e-11 0.00444031 0.00381609 -0.00245458 0.000820872 0.00323426 -0.00120534 0.00633902 0.0169282 -6.83642e-06 0.000294551 0.0151211 0.00430506 0.000861776 0.00151745 -0.00166529 0.000239401 0.0020946 0.0123918 -0.0028188 0.00712708 -0.00933794 0.00329924 -0.00135824 0.00301456 -0.003345 -0.0122493 0.00771259 0.010969 -0.00658718
internal_weight=3000 1068 1044 1932 794 1023 421 602 97 772 394 46 505 737 716 348 311 291 94 197 78 119 483 235 196 131 88 248 202 46
internal_count=3000 1068 1044 1932 794 1023 421 602 97 772 394 46 505 737 716 348 311 291 94 197 78 119 483 235 196 131 88 248 202 46
is_linear=0
shrinkage=0.05


Tree=94
num_leaves=31
num_cat=0
split_feature=3 0 3 3 3 2 1 2 2 1 1 1 0 1 2 2 2 2 2 1 2 3 1 1 1 2 1 2 3 2
split_gain=11.992 7.23613 4.78453 4.25344 9.00059 5.66773 5.36162 4.61558 7.28297 5.01218 9.78407 6.05782 7.46044 4.73399 4.53776 8.71126 5.25664 10.5667 15.0987 7.15866 5.74779 16.1065 4.55136 8.0895 7.26621 9.50869 7.68757 5.50653 5.12699 5.35225
threshold=15.90405321121216 1.5000000000000002 0.31226313114166265 14.463211536407472 13.257900714874269 265.39271545410162 258148.36718750003 1108.2451782226565 1206.3496704101565 258148.36718750003 154052.79687500003 432210.00000000006 3.5000000000000004 705432.75000000012 1382.1968383789065 1490.1426391601565 1636.266784667969 1979.1105957031252 2087.8322753906255 353169.50000000006 2738.437622070313 9.1587767601013201 432210.00000000006 465250.79687500006 112394.90234375001 2913.6677246093755 197054.13281250003 3657.390502929688 9.3687028884887713 4654.7429199218759
decision_type=2 2 2 2 2 2 2 2 2 2 2 2 2 2 2 2 2 2 2 2 2 2 2 2 2 2 2 2 2 2
left_child=1 -1 -3 4 5 -4 -6 9 -9 10 -7 -11 13 -13 -10 -16 -17 19 -19 -18 21 -20 24 -24 27 -26 -27 -22 29 -25
right_child=-2 2 3 -5 6 7 -8 8 14 11 -12 12 -14 -15 15 16 17 18 20 -21 22 -23 23 28 25 26 -28 -29 -30 -31
leaf_value=0.0094015000667080628 -0.0034250983505246593 0.023794366694662884 -0.019145940130604715 0.01036613383066823 0.0038975232280790808 0.015497373712473903 -0.021990744093033886 -0.028128141181712803 0.019187551818675166 0.033591445597509546 -0.027185887694358826 0.0033657812614641758 -0.0044840583624726716 0.032566909758108005 -0.030054511883012627 0.023274739731389743 0.0055530932139266631 0.038986878028070493 0.0040332373058380088 -0.028890058654360475 0.03117451325058937 -0.033160275624091316 0.038219498004764318 0.004052992942723363 0.024349060947341579 -0.032464154867236229 -0.0053469768364757175 -0.0013910712122365281 0.017252649359691601 -0.022220559689131652
leaf_weight=340 1380 23 33 106 28 29 70 22 33 30 25 23 57 35 23 26 22 27 86 48 25 44 20 163 21 34 113 27 65 22
leaf_count=340 1380 23 33 106 28 29 70 22 33 30 25 23 57 35 23 26 22 27 86 48 25 44 20 163 21 34 113 27 65 22
internal_value=-4.1051e-12 0.00291768 0.00119541 0.000781906 -0.000100743 0.00124812 -0.0145941 0.00190792 0.000252009 0.00873962 -0.0042634 0.0135821 0.00836229 0.0209872 0.00103344 0.000251343 0.00118948 0.000388619 0.00238515 -0.0180651 0.000791207 -0.00855534 0.0032709 0.00762073 -0.00206752 -0.00712297 -0.011619 0.0142655 0.00517283 0.00092857
internal_weight=3000 1620 1280 1257 1151 1053 98 1020 821 199 54 145 115 58 799 766 743 717 647 70 620 130 490 270 220 168 147 52 250 185
internal_count=3000 1620 1280 1257 1151 1053 98 1020 821 199 54 145 115 58 799 766 743 717 647 70 620 130 490 270 220 168 147 52 250 185
is_linear=0
shrinkage=0.05


Tree=95
num_leaves=31
num_cat=0
split_feature=3 0 3 2 2 2 2 4 2 2 1 1 1 1 2 2 3 3 1 3 1 1 3 1 4 2 1 0 1 2
split_gain=10.8598 7.5372 4.00094 4.28616 4.44313 3.60655 3.48996 3.3842 8.40084 7.37231 6.47131 6.26251 4.1513 5.21644 3.19229 6.59886 5.10069 6.52991 8.73906 3.8697 4.96007 8.00371 9.93347 9.26021 7.96203 7.64284 7.5239 7.12639 6.47687 6.16127
threshold=16.850616455078129 4.5000000000000009 3.6517024040222172 754.15093994140636 434.29017639160162 411.66578674316412 4905.8669433593759 2.5000000000000004 1660.493103027344 2247.8928222656255 185388.83593750003 544028.43750000012 678868.46875000012 238371.18750000003 4304.7185058593759 4209.9172363281259 11.43648672103882 6.429286241531373 587184.46875000012 14.689800262451174 165369.53125000003 401761.54687500006 13.257900714874269 353169.50000000006 2.5000000000000004 3826.6877441406255 54732.181640625007 1.5000000000000002 300998.00000000006 1382.1968383789065
decision_type=2 2 2 2 2 2 2 2 2 2 2 2 2 2 2 2 2 2 2 2 2 2 2 2 2 2 2 2 2 2
left_child=1 2 3 4 -1 -3 14 8 -5 -10 -9 -12 13 -11 15 19 17 -16 -19 20 26 23 25 28 -24 29 -4 -28 -22 -23
right_child=-2 5 6 7 -6 -7 -8 10 9 12 11 -13 -14 -15 16 -17 -18 18 -20 -21 21 22 24 -25 -26 -27 27 -29 -30 -31
leaf_value=0.011398577354848387 -0.0034214977107889415 0.015762364085425029 -0.0055935253373304893 0.037118663721894089 -0.021530663765346014 -0.0051420119172382924 -0.017771892673335971 -0.020241826063110716 -0.017808901080861691 0.025978438299277734 0.027385964570567013 -0.0038952818620600739 0.030698442879703736 -0.00067705864738672975 0.0014378074905835093 -0.026104359030723574 -0.0026360390559685503 0.050690991353243592 0.0063481313176453119 0.0112066673145431 -0.0086469867571803 0.01294553272370527 -0.0016336003000416409 -0.03091095918544421 -0.03838855995918098 0.031103890460658947 0.043632463130937972 0.01039794475461046 0.017080739296732411 -0.00055304969799212754
leaf_weight=20 1308 22 44 37 21 332 20 21 20 29 32 32 31 50 32 20 44 25 20 122 116 134 41 38 23 29 23 54 31 229
leaf_count=20 1308 22 44 37 21 332 20 21 20 29 32 32 31 50 32 20 44 25 20 122 116 134 41 38 23 29 23 54 31 229
internal_value=1.25729e-12 0.00264499 0.00436151 0.00952504 -0.00546762 -0.00384287 0.00291374 0.0119643 0.0160981 0.0101153 0.00384263 0.0117453 0.0151925 0.00910787 0.00331736 0.0022965 0.0109443 0.0187045 0.0309831 0.00293905 0.00161536 -0.000137305 0.00342138 -0.00890899 -0.0148424 0.00640323 0.0109002 0.0203251 -0.00322141 0.0044299
internal_weight=3000 1692 1338 293 41 354 1045 252 167 130 85 64 110 79 1025 904 121 77 45 884 762 641 456 185 64 392 121 77 147 363
internal_count=3000 1692 1338 293 41 354 1045 252 167 130 85 64 110 79 1025 904 121 77 45 884 762 641 456 185 64 392 121 77 147 363
is_linear=0
shrinkage=0.05


Tree=96
num_leaves=31
num_cat=0
split_feature=3 3 1 0 3 0 2 4 2 3 1 1 1 2 1 1 4 2 2 3 1 2 1 3 2 2 2 4 2 3
split_gain=9.88822 6.0337 6.14032 5.22716 4.58978 4.27766 4.2808 5.31241 7.62748 3.47206 3.39215 7.75312 3.74741 3.36578 3.25606 3.49663 5.2133 3.56328 4.14861 3.25083 5.67903 9.99001 8.50188 5.1518 3.09162 3.65831 4.75371 7.90425 10.7797 7.88361
threshold=10.310348987579347 0.2394555285573006 22044.779296875004 3.5000000000000004 26.324682235717777 4.5000000000000009 4257.6879882812509 2.5000000000000004 4506.4074707031259 4.9850897789001474 693590.28125000012 274855.29687500006 353169.50000000006 2029.9450683593752 226233.71093750003 536465.46875000012 1.5000000000000002 3509.134643554688 2752.932006835938 7.7976799011230478 702663.25000000012 3141.858764648438 505616.54687500006 8.8980264663696307 218.86555480957034 2689.5454101562505 1206.3496704101565 2.5000000000000004 905.52285766601574 16.850616455078129
decision_type=2 2 2 2 2 2 2 2 2 2 2 2 2 2 2 2 2 2 2 2 2 2 2 2 2 2 2 2 2 2
left_child=1 -1 -3 4 24 6 19 8 -8 -10 11 -7 -13 -14 -6 16 -16 18 -17 -4 21 22 23 -21 -2 26 27 29 -29 -26
right_child=3 2 5 -5 14 10 7 -9 9 -11 -12 12 13 -15 15 17 -18 -19 -20 20 -22 -23 -24 -25 25 -27 -28 28 -30 -31
leaf_value=0.028678389079868794 -0.018058150317519905 0.03007877396330947 0.0049292051044176333 -0.0053728784925170959 -0.019558732069563121 -0.011860943048345184 0.042386928161054299 -0.0013326254468865512 -0.002302593957366688 0.023915796311896134 -0.013382592580479677 0.028045682134953415 -0.0079092909792257884 0.014163080755716715 0.021849312716060217 -0.012514814772472092 -0.0052311747979659311 -0.026871852514644464 0.014047292336111978 -0.0073558987251349864 0.0091970557804708763 -0.033468238438945266 -0.025794378574937583 0.025162261698780386 0.0042341242206194217 -0.0014221933260092341 0.0089778290976040807 0.023638101381116682 -0.015320160282919042 -0.020315420586506233
leaf_weight=24 20 21 504 754 40 72 27 41 28 23 61 22 31 39 27 49 52 24 21 21 59 32 22 29 63 458 286 56 26 68
leaf_count=24 20 21 504 754 40 72 27 41 28 23 61 22 31 39 27 49 52 24 21 21 59 32 22 29 63 458 286 56 26 68
internal_value=-1.54794e-11 0.0038948 0.00331843 -0.00211569 -5.1894e-05 0.00276258 0.00450269 0.0132387 0.0208979 0.00952139 -0.00331622 0.000427983 0.0100454 0.00438817 -0.00670233 -0.00372975 0.00402418 -0.0102464 -0.00454618 0.0029441 -0.00319388 -0.0102233 0.000107714 0.0115046 0.001398 0.0018046 0.00476627 -0.000888682 0.0112855 -0.00850915
internal_weight=3000 1056 1032 1944 1190 1011 786 119 78 51 225 164 92 70 213 173 79 94 70 667 163 104 72 50 977 957 499 213 82 131
internal_count=3000 1056 1032 1944 1190 1011 786 119 78 51 225 164 92 70 213 173 79 94 70 667 163 104 72 50 977 957 499 213 82 131
is_linear=0
shrinkage=0.05


Tree=97
num_leaves=31
num_cat=0
split_feature=0 3 1 0 3 2 3 3 1 1 1 3 1 2 1 1 2 1 3 1 1 1 1 3 1 2 4 3 1 1
split_gain=9.32478 6.96 6.41044 4.6312 4.54007 4.07467 3.30184 6.88281 2.90868 9.94498 5.461 5.64207 4.08198 5.53005 7.74022 4.93149 2.87562 2.97038 2.80715 3.70206 4.36195 5.45349 7.08989 4.86379 4.83998 9.32818 9.00395 9.13533 6.14473 6.56941
threshold=1.5000000000000002 21.68216705322266 955792.31250000012 4.5000000000000009 22.6301383972168 928.16244506835949 24.174615859985355 25.647709846496586 311784.01562500006 442204.09375000006 505616.54687500006 2.4892965555191044 274855.29687500006 1928.4758300781252 165369.53125000003 150478.00781250003 3270.5729980468755 465250.79687500006 0.76883831620216381 951029.15625000012 918251.78125000012 895394.71875000012 829931.62500000012 11.842049121856691 746534.78125000012 979.24649047851574 2.5000000000000004 12.30764961242676 666000.68750000012 710161.62500000012
decision_type=2 2 2 2 2 2 2 2 2 2 2 2 2 2 2 2 2 2 2 2 2 2 2 2 2 2 2 2 2 2
left_child=2 3 4 18 8 -3 -6 -8 12 -10 -11 -12 13 14 -1 -15 17 -9 -2 20 21 22 24 -22 28 -26 27 -27 -20 -30
right_child=1 5 -4 -5 6 -7 7 16 9 10 11 -13 -14 15 -16 -17 -18 -19 19 -21 23 -23 -24 -25 25 26 -28 -29 29 -31
leaf_value=0.011819211570546032 0.01512705376494284 -0.015148594520986082 0.028413218079969799 -0.0041613545344651882 -0.017658710922114552 -0.0041624166038357084 0.026309692433902195 0.014450740438769573 -0.015554704416232804 0.030817073599124951 0.027533960657624097 0.002707444877163824 0.032235213216732853 0.0063370603835210208 -0.024097870197147132 0.032757475379515781 -0.017797660395022362 -0.0089792014125944872 0.00074751475852395514 -0.010578976054826092 0.030837775828937694 -0.020104531674035666 0.0168108668065051 0.0005388667484602103 0.019155984705624483 -0.010741917591390981 0.0058664453739766037 -0.049415542704250234 0.029587690476328133 0.0011067920432585041
leaf_weight=40 38 100 29 448 32 541 21 24 54 24 26 191 22 38 24 33 31 31 835 62 27 29 74 26 24 37 32 26 40 41
leaf_count=40 38 100 29 448 32 541 21 24 54 24 26 191 22 38 24 33 31 31 835 62 27 29 74 26 24 37 32 26 40 41
internal_value=-3.09175e-11 -0.00142277 0.00546162 0.000218818 0.0043354 -0.00587633 -0.0035672 0.00064709 0.00676562 0.00383953 0.00818512 0.00568205 0.0122637 0.00900907 -0.00164969 0.018617 -0.00561936 0.00124477 0.00173882 0.00133279 0.00195288 0.00129987 0.00185959 0.0159742 0.000790605 -0.00869567 -0.0157319 -0.0267025 0.00202299 0.0151714
internal_weight=3000 2380 620 1739 591 641 139 107 452 295 241 217 157 135 64 71 86 55 1291 1253 1191 1138 1109 53 1035 119 95 63 916 81
internal_count=3000 2380 620 1739 591 641 139 107 452 295 241 217 157 135 64 71 86 55 1291 1253 1191 1138 1109 53 1035 119 95 63 916 81
is_linear=0
shrinkage=0.05


Tree=98
num_leaves=31
num_cat=0
split_feature=0 3 1 0 3 2 3 3 2 3 2 2 2 2 1 2 3 1 1 1 1 3 1 2 1 2 2 1 0 2
split_gain=8.41562 6.2814 5.78543 4.17966 4.09742 3.67739 2.97991 6.21174 2.73957 3.03456 3.99438 3.54583 10.5286 3.52489 4.50479 4.08424 4.176 3.2381 2.62509 8.97534 4.92856 5.09197 3.68399 4.99087 6.98555 4.88419 2.59524 2.68077 2.58622 2.55644
threshold=1.5000000000000002 21.68216705322266 955792.31250000012 4.5000000000000009 22.6301383972168 928.16244506835949 24.174615859985355 25.647709846496586 4762.9458007812509 12.047929763793947 4143.1628417968759 3391.3032226562505 3166.336059570313 1699.4541625976565 666000.68750000012 2106.0119628906255 6.0504696369171151 262200.87500000006 311784.01562500006 442204.09375000006 505616.54687500006 2.4892965555191044 274855.29687500006 1928.4758300781252 165369.53125000003 3141.858764648438 3270.5729980468755 465250.79687500006 2.5000000000000004 1548.7481689453127
decision_type=2 2 2 2 2 2 2 2 2 2 2 2 2 2 2 2 2 2 2 2 2 2 2 2 2 2 2 2 2 2
left_child=2 3 4 -2 18 28 -6 -8 9 10 11 12 13 14 17 -15 -17 -5 22 -20 -21 -22 23 24 -1 -25 27 -9 -3 -7
right_child=1 5 -4 8 6 29 7 26 -10 -11 -12 -13 -14 15 -16 16 -18 -19 19 20 21 -23 -24 25 -26 -27 -28 -29 -30 -31
leaf_value=0.011228250889107587 0.001651874384836501 -0.029531611637635666 0.02699255667755316 -0.0032815142777626928 -0.016775775386486204 0.0045474698938625423 0.024994207138106937 0.013728202759133033 -0.02038753548016151 -0.0082189593458625344 0.018605398055579928 -0.01716467938385904 0.033377043902873993 -0.029208911227231679 -0.01227871127271404 0.010166399101061482 -0.015908808146110353 0.020609028055961875 -0.014776969285837063 0.029276220647928616 0.026157262075978977 0.0025720728886300327 0.030623453313654122 0.033937580231577162 -0.02289297622240459 0.0071037794571629786 -0.016907776916219343 -0.0085302411548552979 -0.010120782074637902 -0.0053438316266583184
leaf_weight=40 1291 22 29 23 32 76 21 24 24 169 27 32 22 22 30 28 34 37 54 24 26 191 22 28 24 43 31 31 78 465
leaf_count=40 1291 22 29 23 32 76 21 24 24 169 27 32 22 22 30 28 34 37 54 24 26 191 22 28 24 43 31 31 78 465
internal_value=-2.92445e-11 -0.00135164 0.00518854 0.000207877 0.00411863 -0.00558251 -0.00338884 0.000614735 -0.00395329 -0.00302305 0.00042052 -0.00173295 0.000786513 -0.00333413 0.00354109 -0.0107004 -0.00413291 0.011451 0.00642734 0.00364755 0.00777587 0.00539795 0.0116505 0.00855862 -0.00156721 0.0176861 -0.00533839 0.00118253 -0.0143912 -0.0039543
internal_weight=3000 2380 620 1739 591 641 139 107 448 424 255 228 196 174 90 84 62 60 452 295 241 217 157 135 64 71 86 55 100 541
internal_count=3000 2380 620 1739 591 641 139 107 448 424 255 228 196 174 90 84 62 60 452 295 241 217 157 135 64 71 86 55 100 541
is_linear=0
shrinkage=0.05


Tree=99
num_leaves=31
num_cat=0
split_feature=0 3 3 3 2 2 1 2 3 3 1 1 3 2 1 1 0 1 1 2 2 3 2 2 3 2 3 1 1 3
split_gain=7.59509 5.71207 6.5566 7.81403 7.98997 5.68685 5.22135 4.43215 3.69792 3.21597 2.79725 5.33037 2.7225 4.65971 2.65937 3.97769 2.77276 3.09755 6.88505 3.29732 9.16178 5.2123 5.73224 5.57027 5.24325 5.35451 4.60699 5.99313 7.3409 6.54438
threshold=1.5000000000000002 12.894777297973635 14.075252532958986 15.465318679809572 2222.3671875000005 265.39271545410162 955792.31250000012 3849.8930664062505 22.6301383972168 0.31226313114166265 811755.75000000012 624509.50000000012 13.705627441406252 1399.3988037109377 28697.809570312504 60244.585937500007 4.5000000000000009 940657.50000000012 918251.78125000012 4506.4074707031259 4257.6879882812509 10.843852043151857 3295.559448242188 2106.0119628906255 7.7976799011230478 3890.764770507813 8.4852280616760272 489560.43750000006 643444.12500000012 9.1587767601013201
decision_type=2 2 2 2 2 2 2 2 2 2 2 2 2 2 2 2 2 2 2 2 2 2 2 2 2 2 2 2 2 2
left_child=6 5 12 4 -4 -2 8 -6 -1 -7 11 -10 13 -3 -11 -16 17 18 19 20 21 24 23 -23 25 -17 -26 29 -29 -28
right_child=1 2 3 -5 7 9 -8 -9 10 14 -12 -13 -14 -15 15 16 -18 -19 -20 -21 -22 22 -24 -25 26 -27 27 28 -30 -31
leaf_value=0.0061059716351812426 -0.018957369801038029 0.0081910681677982208 0.026110320271033313 -0.0037461227341017917 -0.013186117538384029 0.020616783213842176 0.025642929134834236 0.013246131555080929 -0.0049182566804321197 0.018147243427423142 -0.018745812319684776 0.023481907341629266 -0.028405510393842578 -0.020587598131850172 -0.017994272866501258 0.0061785805536518721 -0.0026615686387924057 -0.0089301039544033255 0.03252499403343314 -0.0077259917929768567 0.031489558615721766 0.015856483656142912 0.03469013336580247 -0.013264618689815204 -0.027233376342803241 -0.016731815452554397 0.031869823783636092 -0.032456118354673012 0.0037729909579301705 -0.0085788337513804432
leaf_weight=452 33 22 46 1127 35 23 29 29 95 24 24 20 31 39 26 286 252 47 21 60 30 52 24 24 25 28 20 27 29 20
leaf_count=452 33 22 46 1127 35 23 29 29 95 24 24 20 31 39 26 286 252 47 21 60 30 52 24 24 25 28 20 27 29 20
internal_value=-1.15639e-12 -0.00128405 -0.00346235 -0.00250459 0.0102154 0.00147043 0.00492911 -0.001209 0.0039127 0.00213262 -0.00321939 2.09023e-05 -0.01634 -0.0102084 0.00170535 0.00129896 0.00182978 0.003463 0.00436466 0.00341848 0.00460196 0.00309424 0.0133875 0.00666035 0.000727977 0.00413562 -0.00811498 -0.00313624 -0.0136946 0.0116455
internal_weight=3000 2380 1329 1237 110 1051 620 64 591 1018 139 115 92 61 995 971 945 693 646 625 565 535 100 76 435 314 121 96 56 40
internal_count=3000 2380 1329 1237 110 1051 620 64 591 1018 139 115 92 61 995 971 945 693 646 625 565 535 100 76 435 314 121 96 56 40
is_linear=0
shrinkage=0.05


end of trees

feature_importances:
Column_3=1241
Column_0=779
Column_2=497
Column_1=423
Column_4=60

parameters:
[boosting: gbdt]
[objective: regression]
[metric: rmse]
[tree_learner: serial]
[device_type: cpu]
[data_sample_strategy: bagging]
[data: ]
[valid: ]
[num_iterations: 100]
[learning_rate: 0.05]
[num_leaves: 31]
[num_threads: 0]
[seed: 0]
[deterministic: 0]
[force_col_wise: 0]
[force_row_wise: 0]
[histogram_pool_size: -1]
[max_depth: -1]
[min_data_in_leaf: 20]
[min_sum_hessian_in_leaf: 0.001]
[bagging_fraction: 1]
[pos_bagging_fraction: 1]
[neg_bagging_fraction: 1]
[bagging_freq: 0]
[bagging_seed: 3]
[bagging_by_query: 0]
[feature_fraction: 1]
[feature_fraction_bynode: 1]
[feature_fraction_seed: 2]
[extra_trees: 0]
[extra_seed: 6]
[early_stopping_round: 0]
[early_stopping_min_delta: 0]
[first_metric_only: 0]
[max_delta_step: 0]
[lambda_l1: 0]
[lambda_l2: 0]
[linear_lambda: 0]
[min_gain_to_split: 0]
[drop_rate: 0.1]
[max_drop: 50]
[skip_drop: 0.5]
[xgboost_dart_mode: 0]
[uniform_drop: 0]
[drop_seed: 4]
[top_rate: 0.2]
[other_rate: 0.1]
[min_data_per_group: 100]
[max_cat_threshold: 32]
[cat_l2: 10]
[cat_smooth: 10]
[max_cat_to_onehot: 4]
[top_k: 20]
[monotone_constraints: ]
[monotone_constraints_method: basic]
[monotone_penalty: 0]
[feature_contri: ]
[forcedsplits_filename: ]
[refit_decay_rate: 0.9]
[cegb_tradeoff: 1]
[cegb_penalty_split: 0]
[cegb_penalty_feature_lazy: ]
[cegb_penalty_feature_coupled: ]
[path_smooth: 0]
[interaction_constraints: ]
[verbosity: -1]
[saved_feature_importance_type: 0]
[use_quantized_grad: 0]
[num_grad_quant_bins: 4]
[quant_train_renew_leaf: 0]
[stochastic_rounding: 1]
[linear_tree: 0]
[max_bin: 255]
[max_bin_by_feature: ]
[min_data_in_bin: 3]
[bin_construct_sample_cnt: 200000]
[data_random_seed: 1]
[is_enable_sparse: 1]
[enable_bundle: 1]
[use_missing: 1]
[zero_as_missing: 0]
[feature_pre_filter: 1]
[pre_partition: 0]
[two_round: 0]
[header: 0]
[label_column: ]
[weight_column: ]
[group_column: ]
[ignore_column: ]
[categorical_feature: ]
[forcedbins_filename: ]
[precise_float_parser: 0]
[parser_config_file: ]
[objective_seed: 5]
[num_class: 1]
[is_unbalance: 0]
[scale_pos_weight: 1]
[sigmoid: 1]
[boost_from_average: 1]
[reg_sqrt: 0]
[alpha: 0.9]
[fair_c: 1]
[poisson_max_delta_step: 0.7]
[tweedie_variance_power: 1.5]
[lambdarank_truncation_level: 30]
[lambdarank_norm: 1]
[label_gain: ]
[lambdarank_position_bias_regularization: 0]
[eval_at: ]
[multi_error_top_k: 1]
[auc_mu_weights: ]
[num_machines: 1]
[local_listen_port: 12400]
[time_out: 120]
[machine_list_filename: ]
[machines: ]
[gpu_platform_id: -1]
[gpu_device_id: -1]
[gpu_device_id_list: ]
[gpu_use_dp: 0]
[num_gpu: 1]

end of parameters

pandas_categorical:null
